SQL> SELECT * FROM DATE_DIMENSION;

"ID_DATE","DATE_COMPLETE","NUMERO_JOUR","NUMERO_SEMAINE","NUMERO_MOIS","TRIMESTRE","ANNEE","FLAG_WEEKEND","FLAG_VACANCES","FLAG_FERIE"
"2024-10-15","15/10/2024",,42,10,4,2024,0,0,0
"2024-10-19","19/10/2024",,42,10,4,2024,1,0,0
"2024-12-25","25/12/2024",,52,12,4,2024,0,1,1
"20250429","29/04/2025",119,18,4,2,2025,0,0,0
"20250430","30/04/2025",120,18,4,2,2025,0,0,0
"20250501","01/05/2025",121,18,5,2,2025,0,0,0
"20250502","02/05/2025",122,18,5,2,2025,0,0,0
"20250503","03/05/2025",123,18,5,2,2025,1,0,0
"20250504","04/05/2025",124,18,5,2,2025,1,0,0
"20250505","05/05/2025",125,19,5,2,2025,0,0,0
"20250506","06/05/2025",126,19,5,2,2025,0,0,0
"20250507","07/05/2025",127,19,5,2,2025,0,0,0
"20250508","08/05/2025",128,19,5,2,2025,0,0,0
"20250509","09/05/2025",129,19,5,2,2025,0,0,0
"20250510","10/05/2025",130,19,5,2,2025,1,0,0
"20250511","11/05/2025",131,19,5,2,2025,1,0,0
"20250512","12/05/2025",132,20,5,2,2025,0,0,0
"20250513","13/05/2025",133,20,5,2,2025,0,0,0
"20250514","14/05/2025",134,20,5,2,2025,0,0,0
"20250515","15/05/2025",135,20,5,2,2025,0,0,0
"20250516","16/05/2025",136,20,5,2,2025,0,0,0
"20250517","17/05/2025",137,20,5,2,2025,1,0,0
"20250518","18/05/2025",138,20,5,2,2025,1,0,0
"20250519","19/05/2025",139,21,5,2,2025,0,0,0
"20250520","20/05/2025",140,21,5,2,2025,0,0,0
"20250521","21/05/2025",141,21,5,2,2025,0,0,0
"20250522","22/05/2025",142,21,5,2,2025,0,0,0
"20250523","23/05/2025",143,21,5,2,2025,0,0,0
"20250524","24/05/2025",144,21,5,2,2025,1,0,0
"20250525","25/05/2025",145,21,5,2,2025,1,0,0
"20250526","26/05/2025",146,22,5,2,2025,0,0,0
"20250527","27/05/2025",147,22,5,2,2025,0,0,0
"20250528","28/05/2025",148,22,5,2,2025,0,0,0
"20250529","29/05/2025",149,22,5,2,2025,0,0,0
"20250530","30/05/2025",150,22,5,2,2025,0,0,0
"20250531","31/05/2025",151,22,5,2,2025,1,0,0
"20250601","01/06/2025",152,22,6,2,2025,1,0,0
"20250602","02/06/2025",153,23,6,2,2025,0,0,0
"20250603","03/06/2025",154,23,6,2,2025,0,0,0
"20250604","04/06/2025",155,23,6,2,2025,0,0,0
"20250605","05/06/2025",156,23,6,2,2025,0,0,0
"20250606","06/06/2025",157,23,6,2,2025,0,0,0
"20250607","07/06/2025",158,23,6,2,2025,1,0,0
"20250608","08/06/2025",159,23,6,2,2025,1,0,0
"20250609","09/06/2025",160,24,6,2,2025,0,0,0
"20250610","10/06/2025",161,24,6,2,2025,0,0,0
"20250611","11/06/2025",162,24,6,2,2025,0,0,0
"20250612","12/06/2025",163,24,6,2,2025,0,0,0
"20250613","13/06/2025",164,24,6,2,2025,0,0,0
"20250614","14/06/2025",165,24,6,2,2025,1,0,0
"20250615","15/06/2025",166,24,6,2,2025,1,0,0
"20250616","16/06/2025",167,25,6,2,2025,0,0,0
"20250617","17/06/2025",168,25,6,2,2025,0,0,0
"20250618","18/06/2025",169,25,6,2,2025,0,0,0
"20250619","19/06/2025",170,25,6,2,2025,0,0,0
"20250620","20/06/2025",171,25,6,2,2025,0,0,0
"20250621","21/06/2025",172,25,6,2,2025,1,0,0
"20250622","22/06/2025",173,25,6,2,2025,1,0,0
"20250623","23/06/2025",174,26,6,2,2025,0,0,0
"20250624","24/06/2025",175,26,6,2,2025,0,0,0
"20250625","25/06/2025",176,26,6,2,2025,0,0,0
"20250626","26/06/2025",177,26,6,2,2025,0,0,0
"20250627","27/06/2025",178,26,6,2,2025,0,0,0
"20250628","28/06/2025",179,26,6,2,2025,1,0,0
"20250629","29/06/2025",180,26,6,2,2025,1,0,0
"20250630","30/06/2025",181,27,6,2,2025,0,0,0
"20250701","01/07/2025",182,27,7,3,2025,0,0,0
"20250702","02/07/2025",183,27,7,3,2025,0,0,0
"20250703","03/07/2025",184,27,7,3,2025,0,0,0
"20250704","04/07/2025",185,27,7,3,2025,0,0,0
"20250705","05/07/2025",186,27,7,3,2025,1,0,0
"20250706","06/07/2025",187,27,7,3,2025,1,0,0
"20250707","07/07/2025",188,28,7,3,2025,0,0,0
"20250708","08/07/2025",189,28,7,3,2025,0,0,0
"20250709","09/07/2025",190,28,7,3,2025,0,0,0
"20250710","10/07/2025",191,28,7,3,2025,0,0,0
"20250711","11/07/2025",192,28,7,3,2025,0,0,0
"20250712","12/07/2025",193,28,7,3,2025,1,0,0
"20250713","13/07/2025",194,28,7,3,2025,1,0,0
"20250714","14/07/2025",195,29,7,3,2025,0,0,0
"20250715","15/07/2025",196,29,7,3,2025,0,0,0
"20250716","16/07/2025",197,29,7,3,2025,0,0,0
"20250717","17/07/2025",198,29,7,3,2025,0,0,0
"20250718","18/07/2025",199,29,7,3,2025,0,0,0
"20250719","19/07/2025",200,29,7,3,2025,1,0,0
"20250720","20/07/2025",201,29,7,3,2025,1,0,0
"20250721","21/07/2025",202,30,7,3,2025,0,0,0
"20250722","22/07/2025",203,30,7,3,2025,0,0,0
"20250723","23/07/2025",204,30,7,3,2025,0,0,0
"20250724","24/07/2025",205,30,7,3,2025,0,0,0
"20250725","25/07/2025",206,30,7,3,2025,0,0,0
"20250726","26/07/2025",207,30,7,3,2025,1,0,0
"20250727","27/07/2025",208,30,7,3,2025,1,0,0
"20250728","28/07/2025",209,31,7,3,2025,0,0,0
"20250729","29/07/2025",210,31,7,3,2025,0,0,0
"20250730","30/07/2025",211,31,7,3,2025,0,0,0
"20250731","31/07/2025",212,31,7,3,2025,0,0,0
"20250801","01/08/2025",213,31,8,3,2025,0,0,0
"20250802","02/08/2025",214,31,8,3,2025,1,0,0
"20250803","03/08/2025",215,31,8,3,2025,1,0,0
"20250804","04/08/2025",216,32,8,3,2025,0,0,0
"20250805","05/08/2025",217,32,8,3,2025,0,0,0
"20250806","06/08/2025",218,32,8,3,2025,0,0,0
"20250807","07/08/2025",219,32,8,3,2025,0,0,0
"20250808","08/08/2025",220,32,8,3,2025,0,0,0
"20250809","09/08/2025",221,32,8,3,2025,1,0,0
"20250810","10/08/2025",222,32,8,3,2025,1,0,0
"20250811","11/08/2025",223,33,8,3,2025,0,0,0
"20250812","12/08/2025",224,33,8,3,2025,0,0,0
"20250813","13/08/2025",225,33,8,3,2025,0,0,0
"20250814","14/08/2025",226,33,8,3,2025,0,0,0
"20250815","15/08/2025",227,33,8,3,2025,0,0,0
"20250816","16/08/2025",228,33,8,3,2025,1,0,0
"20250817","17/08/2025",229,33,8,3,2025,1,0,0
"20250818","18/08/2025",230,34,8,3,2025,0,0,0
"20250819","19/08/2025",231,34,8,3,2025,0,0,0
"20250820","20/08/2025",232,34,8,3,2025,0,0,0
"20250821","21/08/2025",233,34,8,3,2025,0,0,0
"20250822","22/08/2025",234,34,8,3,2025,0,0,0
"20250823","23/08/2025",235,34,8,3,2025,1,0,0
"20250824","24/08/2025",236,34,8,3,2025,1,0,0
"20250825","25/08/2025",237,35,8,3,2025,0,0,0
"20250826","26/08/2025",238,35,8,3,2025,0,0,0
"20250827","27/08/2025",239,35,8,3,2025,0,0,0
"20250828","28/08/2025",240,35,8,3,2025,0,0,0
"20250829","29/08/2025",241,35,8,3,2025,0,0,0
"20250830","30/08/2025",242,35,8,3,2025,1,0,0
"20250831","31/08/2025",243,35,8,3,2025,1,0,0
"20250901","01/09/2025",244,36,9,3,2025,0,0,0
"20250902","02/09/2025",245,36,9,3,2025,0,0,0
"20250903","03/09/2025",246,36,9,3,2025,0,0,0
"20250904","04/09/2025",247,36,9,3,2025,0,0,0
"20250905","05/09/2025",248,36,9,3,2025,0,0,0
"20250906","06/09/2025",249,36,9,3,2025,1,0,0
"20250907","07/09/2025",250,36,9,3,2025,1,0,0
"20250908","08/09/2025",251,37,9,3,2025,0,0,0
"20250909","09/09/2025",252,37,9,3,2025,0,0,0
"20250910","10/09/2025",253,37,9,3,2025,0,0,0
"20250911","11/09/2025",254,37,9,3,2025,0,0,0
"20250912","12/09/2025",255,37,9,3,2025,0,0,0
"20250913","13/09/2025",256,37,9,3,2025,1,0,0
"20250914","14/09/2025",257,37,9,3,2025,1,0,0
"20250915","15/09/2025",258,38,9,3,2025,0,0,0
"20250916","16/09/2025",259,38,9,3,2025,0,0,0
"20250917","17/09/2025",260,38,9,3,2025,0,0,0
"20250918","18/09/2025",261,38,9,3,2025,0,0,0
"20250919","19/09/2025",262,38,9,3,2025,0,0,0
"20250920","20/09/2025",263,38,9,3,2025,1,0,0
"20250921","21/09/2025",264,38,9,3,2025,1,0,0
"20250922","22/09/2025",265,39,9,3,2025,0,0,0
"20250923","23/09/2025",266,39,9,3,2025,0,0,0
"20250924","24/09/2025",267,39,9,3,2025,0,0,0
"20250925","25/09/2025",268,39,9,3,2025,0,0,0
"20250926","26/09/2025",269,39,9,3,2025,0,0,0
"20250927","27/09/2025",270,39,9,3,2025,1,0,0
"20250928","28/09/2025",271,39,9,3,2025,1,0,0
"20250929","29/09/2025",272,40,9,3,2025,0,0,0
"20250930","30/09/2025",273,40,9,3,2025,0,0,0
"20251001","01/10/2025",274,40,10,4,2025,0,0,0
"20251002","02/10/2025",275,40,10,4,2025,0,0,0
"20251003","03/10/2025",276,40,10,4,2025,0,0,0
"20251004","04/10/2025",277,40,10,4,2025,1,0,0
"20251005","05/10/2025",278,40,10,4,2025,1,0,0
"20251006","06/10/2025",279,41,10,4,2025,0,0,0
"20251007","07/10/2025",280,41,10,4,2025,0,0,0
"20251008","08/10/2025",281,41,10,4,2025,0,0,0
"20251009","09/10/2025",282,41,10,4,2025,0,0,0
"20251010","10/10/2025",283,41,10,4,2025,0,0,0
"20251011","11/10/2025",284,41,10,4,2025,1,0,0
"20251012","12/10/2025",285,41,10,4,2025,1,0,0
"20251013","13/10/2025",286,42,10,4,2025,0,0,0
"20251014","14/10/2025",287,42,10,4,2025,0,0,0
"20251015","15/10/2025",288,42,10,4,2025,0,0,0
"20251016","16/10/2025",289,42,10,4,2025,0,0,0
"20251017","17/10/2025",290,42,10,4,2025,0,0,0
"20251018","18/10/2025",291,42,10,4,2025,1,0,0
"20251019","19/10/2025",292,42,10,4,2025,1,0,0
"20251020","20/10/2025",293,43,10,4,2025,0,0,0
"20251021","21/10/2025",294,43,10,4,2025,0,0,0
"20251022","22/10/2025",295,43,10,4,2025,0,0,0
"20251023","23/10/2025",296,43,10,4,2025,0,0,0
"20251024","24/10/2025",297,43,10,4,2025,0,0,0
"20251025","25/10/2025",298,43,10,4,2025,1,0,0
"20251026","26/10/2025",299,43,10,4,2025,1,0,0
"20251027","27/10/2025",300,44,10,4,2025,0,0,0
"20251028","28/10/2025",301,44,10,4,2025,0,0,0
"20251029","29/10/2025",302,44,10,4,2025,0,0,0
"20251030","30/10/2025",303,44,10,4,2025,0,0,0
"20251031","31/10/2025",304,44,10,4,2025,0,0,0
"20251101","01/11/2025",305,44,11,4,2025,1,0,0
"20251102","02/11/2025",306,44,11,4,2025,1,0,0
"20251103","03/11/2025",307,45,11,4,2025,0,0,0
"20251104","04/11/2025",308,45,11,4,2025,0,0,0
"20251105","05/11/2025",309,45,11,4,2025,0,0,0
"20251106","06/11/2025",310,45,11,4,2025,0,0,0
"20251107","07/11/2025",311,45,11,4,2025,0,0,0
"20251108","08/11/2025",312,45,11,4,2025,1,0,0
"20251109","09/11/2025",313,45,11,4,2025,1,0,0
"20251110","10/11/2025",314,46,11,4,2025,0,0,0
"20251111","11/11/2025",315,46,11,4,2025,0,0,0
"20251112","12/11/2025",316,46,11,4,2025,0,0,0
"20251113","13/11/2025",317,46,11,4,2025,0,0,0
"20251114","14/11/2025",318,46,11,4,2025,0,0,0
"20251115","15/11/2025",319,46,11,4,2025,1,0,0
"20251116","16/11/2025",320,46,11,4,2025,1,0,0
"20251117","17/11/2025",321,47,11,4,2025,0,0,0
"20251118","18/11/2025",322,47,11,4,2025,0,0,0
"20251119","19/11/2025",323,47,11,4,2025,0,0,0
"20251120","20/11/2025",324,47,11,4,2025,0,0,0
"20251121","21/11/2025",325,47,11,4,2025,0,0,0
"20251122","22/11/2025",326,47,11,4,2025,1,0,0
"20251123","23/11/2025",327,47,11,4,2025,1,0,0
"20251124","24/11/2025",328,48,11,4,2025,0,0,0
"20251125","25/11/2025",329,48,11,4,2025,0,0,0
"20251126","26/11/2025",330,48,11,4,2025,0,0,0
"20251127","27/11/2025",331,48,11,4,2025,0,0,0
"20251128","28/11/2025",332,48,11,4,2025,0,0,0
"20251129","29/11/2025",333,48,11,4,2025,1,0,0
"20251130","30/11/2025",334,48,11,4,2025,1,0,0
"20251201","01/12/2025",335,49,12,4,2025,0,0,0
"20251202","02/12/2025",336,49,12,4,2025,0,0,0
"20251203","03/12/2025",337,49,12,4,2025,0,0,0
"20251204","04/12/2025",338,49,12,4,2025,0,0,0
"20251205","05/12/2025",339,49,12,4,2025,0,0,0
"20251206","06/12/2025",340,49,12,4,2025,1,0,0
"20251207","07/12/2025",341,49,12,4,2025,1,0,0
"20251208","08/12/2025",342,50,12,4,2025,0,0,0
"20251209","09/12/2025",343,50,12,4,2025,0,0,0
"20251210","10/12/2025",344,50,12,4,2025,0,0,0
"20251211","11/12/2025",345,50,12,4,2025,0,0,0
"20251212","12/12/2025",346,50,12,4,2025,0,0,0
"20251213","13/12/2025",347,50,12,4,2025,1,0,0
"20251214","14/12/2025",348,50,12,4,2025,1,0,0
"20251215","15/12/2025",349,51,12,4,2025,0,0,0
"20251216","16/12/2025",350,51,12,4,2025,0,0,0
"20251217","17/12/2025",351,51,12,4,2025,0,0,0
"20251218","18/12/2025",352,51,12,4,2025,0,0,0
"20251219","19/12/2025",353,51,12,4,2025,0,0,0
"20251220","20/12/2025",354,51,12,4,2025,1,0,0
"20251221","21/12/2025",355,51,12,4,2025,1,0,0
"20251222","22/12/2025",356,52,12,4,2025,0,0,0
"20251223","23/12/2025",357,52,12,4,2025,0,0,0
"20251224","24/12/2025",358,52,12,4,2025,0,0,0
"20251225","25/12/2025",359,52,12,4,2025,0,0,1
"20251226","26/12/2025",360,52,12,4,2025,0,0,0
"20251227","27/12/2025",361,52,12,4,2025,1,0,0
"20251228","28/12/2025",362,52,12,4,2025,1,0,0
"20251229","29/12/2025",363,1,12,4,2025,0,0,0
"20251230","30/12/2025",364,1,12,4,2025,0,0,0
"20251231","31/12/2025",365,1,12,4,2025,0,0,0
"20260101","01/01/2026",1,1,1,1,2026,0,0,1
"20260102","02/01/2026",2,1,1,1,2026,0,0,0
"20260103","03/01/2026",3,1,1,1,2026,1,0,0
"20260104","04/01/2026",4,1,1,1,2026,1,0,0
"20260105","05/01/2026",5,2,1,1,2026,0,0,0
"20260106","06/01/2026",6,2,1,1,2026,0,0,0
"20260107","07/01/2026",7,2,1,1,2026,0,0,0
"20260108","08/01/2026",8,2,1,1,2026,0,0,0
"20260109","09/01/2026",9,2,1,1,2026,0,0,0
"20260110","10/01/2026",10,2,1,1,2026,1,0,0
"20260111","11/01/2026",11,2,1,1,2026,1,0,0
"20260112","12/01/2026",12,3,1,1,2026,0,0,0
"20260113","13/01/2026",13,3,1,1,2026,0,0,0
"20260114","14/01/2026",14,3,1,1,2026,0,0,0
"20260115","15/01/2026",15,3,1,1,2026,0,0,0
"20260116","16/01/2026",16,3,1,1,2026,0,0,0
"20260117","17/01/2026",17,3,1,1,2026,1,0,0
"20260118","18/01/2026",18,3,1,1,2026,1,0,0
"20260119","19/01/2026",19,4,1,1,2026,0,0,0
"20260120","20/01/2026",20,4,1,1,2026,0,0,0
"20260121","21/01/2026",21,4,1,1,2026,0,0,0
"20260122","22/01/2026",22,4,1,1,2026,0,0,0
"20260123","23/01/2026",23,4,1,1,2026,0,0,0
"20260124","24/01/2026",24,4,1,1,2026,1,0,0
"20260125","25/01/2026",25,4,1,1,2026,1,0,0
"20260126","26/01/2026",26,5,1,1,2026,0,0,0
"20260127","27/01/2026",27,5,1,1,2026,0,0,0
"20260128","28/01/2026",28,5,1,1,2026,0,0,0
"20260129","29/01/2026",29,5,1,1,2026,0,0,0
"20260130","30/01/2026",30,5,1,1,2026,0,0,0
"20260131","31/01/2026",31,5,1,1,2026,1,0,0
"20260201","01/02/2026",32,5,2,1,2026,1,0,0
"20260202","02/02/2026",33,6,2,1,2026,0,0,0
"20260203","03/02/2026",34,6,2,1,2026,0,0,0
"20260204","04/02/2026",35,6,2,1,2026,0,0,0
"20260205","05/02/2026",36,6,2,1,2026,0,0,0
"20260206","06/02/2026",37,6,2,1,2026,0,0,0
"20260207","07/02/2026",38,6,2,1,2026,1,0,0
"20260208","08/02/2026",39,6,2,1,2026,1,0,0
"20260209","09/02/2026",40,7,2,1,2026,0,0,0
"20260210","10/02/2026",41,7,2,1,2026,0,0,0
"20260211","11/02/2026",42,7,2,1,2026,0,0,0
"20260212","12/02/2026",43,7,2,1,2026,0,0,0
"20260213","13/02/2026",44,7,2,1,2026,0,0,0
"20260214","14/02/2026",45,7,2,1,2026,1,0,0
"20260215","15/02/2026",46,7,2,1,2026,1,0,0
"20260216","16/02/2026",47,8,2,1,2026,0,0,0
"20260217","17/02/2026",48,8,2,1,2026,0,0,0
"20260218","18/02/2026",49,8,2,1,2026,0,0,0
"20260219","19/02/2026",50,8,2,1,2026,0,0,0
"20260220","20/02/2026",51,8,2,1,2026,0,0,0
"20260221","21/02/2026",52,8,2,1,2026,1,0,0
"20260222","22/02/2026",53,8,2,1,2026,1,0,0
"20260223","23/02/2026",54,9,2,1,2026,0,0,0
"20260224","24/02/2026",55,9,2,1,2026,0,0,0
"20260225","25/02/2026",56,9,2,1,2026,0,0,0
"20260226","26/02/2026",57,9,2,1,2026,0,0,0
"20260227","27/02/2026",58,9,2,1,2026,0,0,0
"20260228","28/02/2026",59,9,2,1,2026,1,0,0
"20260301","01/03/2026",60,9,3,1,2026,1,0,0
"20260302","02/03/2026",61,10,3,1,2026,0,0,0
"20260303","03/03/2026",62,10,3,1,2026,0,0,0
"20260304","04/03/2026",63,10,3,1,2026,0,0,0
"20260305","05/03/2026",64,10,3,1,2026,0,0,0
"20260306","06/03/2026",65,10,3,1,2026,0,0,0
"20260307","07/03/2026",66,10,3,1,2026,1,0,0
"20260308","08/03/2026",67,10,3,1,2026,1,0,0
"20260309","09/03/2026",68,11,3,1,2026,0,0,0
"20260310","10/03/2026",69,11,3,1,2026,0,0,0
"20260311","11/03/2026",70,11,3,1,2026,0,0,0
"20260312","12/03/2026",71,11,3,1,2026,0,0,0
"20240101","01/01/2024",1,1,1,1,2024,0,0,1
"20240102","02/01/2024",2,1,1,1,2024,0,0,0
"20240103","03/01/2024",3,1,1,1,2024,0,0,0
"20240104","04/01/2024",4,1,1,1,2024,0,0,0
"20240105","05/01/2024",5,1,1,1,2024,0,0,0
"20240106","06/01/2024",6,1,1,1,2024,1,0,0
"20240107","07/01/2024",7,1,1,1,2024,1,0,0
"20240108","08/01/2024",8,2,1,1,2024,0,0,0
"20240109","09/01/2024",9,2,1,1,2024,0,0,0
"20240110","10/01/2024",10,2,1,1,2024,0,0,0
"20240111","11/01/2024",11,2,1,1,2024,0,0,0
"20240112","12/01/2024",12,2,1,1,2024,0,0,0
"20240113","13/01/2024",13,2,1,1,2024,1,0,0
"20240114","14/01/2024",14,2,1,1,2024,1,0,0
"20240115","15/01/2024",15,3,1,1,2024,0,0,0
"20240116","16/01/2024",16,3,1,1,2024,0,0,0
"20240117","17/01/2024",17,3,1,1,2024,0,0,0
"20240118","18/01/2024",18,3,1,1,2024,0,0,0
"20240119","19/01/2024",19,3,1,1,2024,0,0,0
"20240120","20/01/2024",20,3,1,1,2024,1,0,0
"20240121","21/01/2024",21,3,1,1,2024,1,0,0
"20240122","22/01/2024",22,4,1,1,2024,0,0,0
"20240123","23/01/2024",23,4,1,1,2024,0,0,0
"20240124","24/01/2024",24,4,1,1,2024,0,0,0
"20240125","25/01/2024",25,4,1,1,2024,0,0,0
"20240126","26/01/2024",26,4,1,1,2024,0,0,0
"20240127","27/01/2024",27,4,1,1,2024,1,0,0
"20240128","28/01/2024",28,4,1,1,2024,1,0,0
"20240129","29/01/2024",29,5,1,1,2024,0,0,0
"20240130","30/01/2024",30,5,1,1,2024,0,0,0
"20240131","31/01/2024",31,5,1,1,2024,0,0,0
"20240201","01/02/2024",32,5,2,1,2024,0,0,0
"20240202","02/02/2024",33,5,2,1,2024,0,0,0
"20240203","03/02/2024",34,5,2,1,2024,1,0,0
"20240204","04/02/2024",35,5,2,1,2024,1,0,0
"20240205","05/02/2024",36,6,2,1,2024,0,0,0
"20240206","06/02/2024",37,6,2,1,2024,0,0,0
"20240207","07/02/2024",38,6,2,1,2024,0,0,0
"20240208","08/02/2024",39,6,2,1,2024,0,0,0
"20240209","09/02/2024",40,6,2,1,2024,0,0,0
"20240210","10/02/2024",41,6,2,1,2024,1,0,0
"20240211","11/02/2024",42,6,2,1,2024,1,0,0
"20240212","12/02/2024",43,7,2,1,2024,0,0,0
"20240213","13/02/2024",44,7,2,1,2024,0,0,0
"20240214","14/02/2024",45,7,2,1,2024,0,0,0
"20240215","15/02/2024",46,7,2,1,2024,0,0,0
"20240216","16/02/2024",47,7,2,1,2024,0,0,0
"20240217","17/02/2024",48,7,2,1,2024,1,0,0
"20240218","18/02/2024",49,7,2,1,2024,1,0,0
"20240219","19/02/2024",50,8,2,1,2024,0,0,0
"20240220","20/02/2024",51,8,2,1,2024,0,0,0
"20240221","21/02/2024",52,8,2,1,2024,0,0,0
"20240222","22/02/2024",53,8,2,1,2024,0,0,0
"20240223","23/02/2024",54,8,2,1,2024,0,0,0
"20240224","24/02/2024",55,8,2,1,2024,1,0,0
"20240225","25/02/2024",56,8,2,1,2024,1,0,0
"20240226","26/02/2024",57,9,2,1,2024,0,0,0
"20240227","27/02/2024",58,9,2,1,2024,0,0,0
"20240228","28/02/2024",59,9,2,1,2024,0,0,0
"20240229","29/02/2024",60,9,2,1,2024,0,0,0
"20240301","01/03/2024",61,9,3,1,2024,0,0,0
"20240302","02/03/2024",62,9,3,1,2024,1,0,0
"20240303","03/03/2024",63,9,3,1,2024,1,0,0
"20240304","04/03/2024",64,10,3,1,2024,0,0,0
"20240305","05/03/2024",65,10,3,1,2024,0,0,0
"20240306","06/03/2024",66,10,3,1,2024,0,0,0
"20240307","07/03/2024",67,10,3,1,2024,0,0,0
"20240308","08/03/2024",68,10,3,1,2024,0,0,0
"20240309","09/03/2024",69,10,3,1,2024,1,0,0
"20240310","10/03/2024",70,10,3,1,2024,1,0,0
"20240311","11/03/2024",71,11,3,1,2024,0,0,0
"20240312","12/03/2024",72,11,3,1,2024,0,0,0
"20240313","13/03/2024",73,11,3,1,2024,0,0,0
"20240314","14/03/2024",74,11,3,1,2024,0,0,0
"20240315","15/03/2024",75,11,3,1,2024,0,0,0
"20240316","16/03/2024",76,11,3,1,2024,1,0,0
"20240317","17/03/2024",77,11,3,1,2024,1,0,0
"20240318","18/03/2024",78,12,3,1,2024,0,0,0
"20240319","19/03/2024",79,12,3,1,2024,0,0,0
"20240320","20/03/2024",80,12,3,1,2024,0,0,0
"20240321","21/03/2024",81,12,3,1,2024,0,0,0
"20240322","22/03/2024",82,12,3,1,2024,0,0,0
"20240323","23/03/2024",83,12,3,1,2024,1,0,0
"20240324","24/03/2024",84,12,3,1,2024,1,0,0
"20240325","25/03/2024",85,13,3,1,2024,0,0,0
"20240326","26/03/2024",86,13,3,1,2024,0,0,0
"20240327","27/03/2024",87,13,3,1,2024,0,0,0
"20240328","28/03/2024",88,13,3,1,2024,0,0,0
"20240329","29/03/2024",89,13,3,1,2024,0,0,0
"20240330","30/03/2024",90,13,3,1,2024,1,0,0
"20240331","31/03/2024",91,13,3,1,2024,1,0,0
"20240401","01/04/2024",92,14,4,2,2024,0,0,0
"20240402","02/04/2024",93,14,4,2,2024,0,0,0
"20240403","03/04/2024",94,14,4,2,2024,0,0,0
"20240404","04/04/2024",95,14,4,2,2024,0,0,0
"20240405","05/04/2024",96,14,4,2,2024,0,0,0
"20240406","06/04/2024",97,14,4,2,2024,1,0,0
"20240407","07/04/2024",98,14,4,2,2024,1,0,0
"20240408","08/04/2024",99,15,4,2,2024,0,0,0
"20240409","09/04/2024",100,15,4,2,2024,0,0,0
"20240410","10/04/2024",101,15,4,2,2024,0,0,0
"20240411","11/04/2024",102,15,4,2,2024,0,0,0
"20240412","12/04/2024",103,15,4,2,2024,0,0,0
"20240413","13/04/2024",104,15,4,2,2024,1,0,0
"20240414","14/04/2024",105,15,4,2,2024,1,0,0
"20240415","15/04/2024",106,16,4,2,2024,0,0,0
"20240416","16/04/2024",107,16,4,2,2024,0,0,0
"20240417","17/04/2024",108,16,4,2,2024,0,0,0
"20240418","18/04/2024",109,16,4,2,2024,0,0,0
"20240419","19/04/2024",110,16,4,2,2024,0,0,0
"20240420","20/04/2024",111,16,4,2,2024,1,0,0
"20240421","21/04/2024",112,16,4,2,2024,1,0,0
"20240422","22/04/2024",113,17,4,2,2024,0,0,0
"20240423","23/04/2024",114,17,4,2,2024,0,0,0
"20240424","24/04/2024",115,17,4,2,2024,0,0,0
"20240425","25/04/2024",116,17,4,2,2024,0,0,0
"20240426","26/04/2024",117,17,4,2,2024,0,0,0
"20240427","27/04/2024",118,17,4,2,2024,1,0,0
"20240428","28/04/2024",119,17,4,2,2024,1,0,0
"20240429","29/04/2024",120,18,4,2,2024,0,0,0
"20240430","30/04/2024",121,18,4,2,2024,0,0,0
"20240501","01/05/2024",122,18,5,2,2024,0,0,0
"20240502","02/05/2024",123,18,5,2,2024,0,0,0
"20240503","03/05/2024",124,18,5,2,2024,0,0,0
"20240504","04/05/2024",125,18,5,2,2024,1,0,0
"20240505","05/05/2024",126,18,5,2,2024,1,0,0
"20240506","06/05/2024",127,19,5,2,2024,0,0,0
"20240507","07/05/2024",128,19,5,2,2024,0,0,0
"20240508","08/05/2024",129,19,5,2,2024,0,0,0
"20240509","09/05/2024",130,19,5,2,2024,0,0,0
"20240510","10/05/2024",131,19,5,2,2024,0,0,0
"20240511","11/05/2024",132,19,5,2,2024,1,0,0
"20240512","12/05/2024",133,19,5,2,2024,1,0,0
"20240513","13/05/2024",134,20,5,2,2024,0,0,0
"20240514","14/05/2024",135,20,5,2,2024,0,0,0
"20240515","15/05/2024",136,20,5,2,2024,0,0,0
"20240516","16/05/2024",137,20,5,2,2024,0,0,0
"20240517","17/05/2024",138,20,5,2,2024,0,0,0
"20240518","18/05/2024",139,20,5,2,2024,1,0,0
"20240519","19/05/2024",140,20,5,2,2024,1,0,0
"20240520","20/05/2024",141,21,5,2,2024,0,0,0
"20240521","21/05/2024",142,21,5,2,2024,0,0,0
"20240522","22/05/2024",143,21,5,2,2024,0,0,0
"20240523","23/05/2024",144,21,5,2,2024,0,0,0
"20240524","24/05/2024",145,21,5,2,2024,0,0,0
"20240525","25/05/2024",146,21,5,2,2024,1,0,0
"20240526","26/05/2024",147,21,5,2,2024,1,0,0
"20240527","27/05/2024",148,22,5,2,2024,0,0,0
"20240528","28/05/2024",149,22,5,2,2024,0,0,0
"20240529","29/05/2024",150,22,5,2,2024,0,0,0
"20240530","30/05/2024",151,22,5,2,2024,0,0,0
"20240531","31/05/2024",152,22,5,2,2024,0,0,0
"20240601","01/06/2024",153,22,6,2,2024,1,0,0
"20240602","02/06/2024",154,22,6,2,2024,1,0,0
"20240603","03/06/2024",155,23,6,2,2024,0,0,0
"20240604","04/06/2024",156,23,6,2,2024,0,0,0
"20240605","05/06/2024",157,23,6,2,2024,0,0,0
"20240606","06/06/2024",158,23,6,2,2024,0,0,0
"20240607","07/06/2024",159,23,6,2,2024,0,0,0
"20240608","08/06/2024",160,23,6,2,2024,1,0,0
"20240609","09/06/2024",161,23,6,2,2024,1,0,0
"20240610","10/06/2024",162,24,6,2,2024,0,0,0
"20240611","11/06/2024",163,24,6,2,2024,0,0,0
"20240612","12/06/2024",164,24,6,2,2024,0,0,0
"20240613","13/06/2024",165,24,6,2,2024,0,0,0
"20240614","14/06/2024",166,24,6,2,2024,0,0,0
"20240615","15/06/2024",167,24,6,2,2024,1,0,0
"20240616","16/06/2024",168,24,6,2,2024,1,0,0
"20240617","17/06/2024",169,25,6,2,2024,0,0,0
"20240618","18/06/2024",170,25,6,2,2024,0,0,0
"20240619","19/06/2024",171,25,6,2,2024,0,0,0
"20240620","20/06/2024",172,25,6,2,2024,0,0,0
"20240621","21/06/2024",173,25,6,2,2024,0,0,0
"20240622","22/06/2024",174,25,6,2,2024,1,0,0
"20240623","23/06/2024",175,25,6,2,2024,1,0,0
"20240624","24/06/2024",176,26,6,2,2024,0,0,0
"20240625","25/06/2024",177,26,6,2,2024,0,0,0
"20240626","26/06/2024",178,26,6,2,2024,0,0,0
"20240627","27/06/2024",179,26,6,2,2024,0,0,0
"20240628","28/06/2024",180,26,6,2,2024,0,0,0
"20240629","29/06/2024",181,26,6,2,2024,1,0,0
"20240630","30/06/2024",182,26,6,2,2024,1,0,0
"20240701","01/07/2024",183,27,7,3,2024,0,0,0
"20240702","02/07/2024",184,27,7,3,2024,0,0,0
"20240703","03/07/2024",185,27,7,3,2024,0,0,0
"20240704","04/07/2024",186,27,7,3,2024,0,0,0
"20240705","05/07/2024",187,27,7,3,2024,0,0,0
"20240706","06/07/2024",188,27,7,3,2024,1,0,0
"20240707","07/07/2024",189,27,7,3,2024,1,0,0
"20240708","08/07/2024",190,28,7,3,2024,0,0,0
"20240709","09/07/2024",191,28,7,3,2024,0,0,0
"20240710","10/07/2024",192,28,7,3,2024,0,0,0
"20240711","11/07/2024",193,28,7,3,2024,0,0,0
"20240712","12/07/2024",194,28,7,3,2024,0,0,0
"20240713","13/07/2024",195,28,7,3,2024,1,0,0
"20240714","14/07/2024",196,28,7,3,2024,1,0,0
"20240715","15/07/2024",197,29,7,3,2024,0,0,0
"20240716","16/07/2024",198,29,7,3,2024,0,0,0
"20240717","17/07/2024",199,29,7,3,2024,0,0,0
"20240718","18/07/2024",200,29,7,3,2024,0,0,0
"20240719","19/07/2024",201,29,7,3,2024,0,0,0
"20240720","20/07/2024",202,29,7,3,2024,1,0,0
"20240721","21/07/2024",203,29,7,3,2024,1,0,0
"20240722","22/07/2024",204,30,7,3,2024,0,0,0
"20240723","23/07/2024",205,30,7,3,2024,0,0,0
"20240724","24/07/2024",206,30,7,3,2024,0,0,0
"20240725","25/07/2024",207,30,7,3,2024,0,0,0
"20240726","26/07/2024",208,30,7,3,2024,0,0,0
"20240727","27/07/2024",209,30,7,3,2024,1,0,0
"20240728","28/07/2024",210,30,7,3,2024,1,0,0
"20240729","29/07/2024",211,31,7,3,2024,0,0,0
"20240730","30/07/2024",212,31,7,3,2024,0,0,0
"20240731","31/07/2024",213,31,7,3,2024,0,0,0
"20240801","01/08/2024",214,31,8,3,2024,0,0,0
"20240802","02/08/2024",215,31,8,3,2024,0,0,0
"20240803","03/08/2024",216,31,8,3,2024,1,0,0
"20240804","04/08/2024",217,31,8,3,2024,1,0,0
"20240805","05/08/2024",218,32,8,3,2024,0,0,0
"20240806","06/08/2024",219,32,8,3,2024,0,0,0
"20240807","07/08/2024",220,32,8,3,2024,0,0,0
"20240808","08/08/2024",221,32,8,3,2024,0,0,0
"20240809","09/08/2024",222,32,8,3,2024,0,0,0
"20240810","10/08/2024",223,32,8,3,2024,1,0,0
"20240811","11/08/2024",224,32,8,3,2024,1,0,0
"20240812","12/08/2024",225,33,8,3,2024,0,0,0
"20240813","13/08/2024",226,33,8,3,2024,0,0,0
"20240814","14/08/2024",227,33,8,3,2024,0,0,0
"20240815","15/08/2024",228,33,8,3,2024,0,0,0
"20240816","16/08/2024",229,33,8,3,2024,0,0,0
"20240817","17/08/2024",230,33,8,3,2024,1,0,0
"20240818","18/08/2024",231,33,8,3,2024,1,0,0
"20240819","19/08/2024",232,34,8,3,2024,0,0,0
"20240820","20/08/2024",233,34,8,3,2024,0,0,0
"20240821","21/08/2024",234,34,8,3,2024,0,0,0
"20240822","22/08/2024",235,34,8,3,2024,0,0,0
"20240823","23/08/2024",236,34,8,3,2024,0,0,0
"20240824","24/08/2024",237,34,8,3,2024,1,0,0
"20240825","25/08/2024",238,34,8,3,2024,1,0,0
"20240826","26/08/2024",239,35,8,3,2024,0,0,0
"20240827","27/08/2024",240,35,8,3,2024,0,0,0
"20240828","28/08/2024",241,35,8,3,2024,0,0,0
"20240829","29/08/2024",242,35,8,3,2024,0,0,0
"20240830","30/08/2024",243,35,8,3,2024,0,0,0
"20240831","31/08/2024",244,35,8,3,2024,1,0,0
"20240901","01/09/2024",245,35,9,3,2024,1,0,0
"20240902","02/09/2024",246,36,9,3,2024,0,0,0
"20240903","03/09/2024",247,36,9,3,2024,0,0,0
"20240904","04/09/2024",248,36,9,3,2024,0,0,0
"20240905","05/09/2024",249,36,9,3,2024,0,0,0
"20240906","06/09/2024",250,36,9,3,2024,0,0,0
"20240907","07/09/2024",251,36,9,3,2024,1,0,0
"20240908","08/09/2024",252,36,9,3,2024,1,0,0
"20240909","09/09/2024",253,37,9,3,2024,0,0,0
"20240910","10/09/2024",254,37,9,3,2024,0,0,0
"20240911","11/09/2024",255,37,9,3,2024,0,0,0
"20240912","12/09/2024",256,37,9,3,2024,0,0,0
"20240913","13/09/2024",257,37,9,3,2024,0,0,0
"20240914","14/09/2024",258,37,9,3,2024,1,0,0
"20240915","15/09/2024",259,37,9,3,2024,1,0,0
"20240916","16/09/2024",260,38,9,3,2024,0,0,0
"20240917","17/09/2024",261,38,9,3,2024,0,0,0
"20240918","18/09/2024",262,38,9,3,2024,0,0,0
"20240919","19/09/2024",263,38,9,3,2024,0,0,0
"20240920","20/09/2024",264,38,9,3,2024,0,0,0
"20240921","21/09/2024",265,38,9,3,2024,1,0,0
"20240922","22/09/2024",266,38,9,3,2024,1,0,0
"20240923","23/09/2024",267,39,9,3,2024,0,0,0
"20240924","24/09/2024",268,39,9,3,2024,0,0,0
"20240925","25/09/2024",269,39,9,3,2024,0,0,0
"20240926","26/09/2024",270,39,9,3,2024,0,0,0
"20240927","27/09/2024",271,39,9,3,2024,0,0,0
"20240928","28/09/2024",272,39,9,3,2024,1,0,0
"20240929","29/09/2024",273,39,9,3,2024,1,0,0
"20240930","30/09/2024",274,40,9,3,2024,0,0,0
"20241001","01/10/2024",275,40,10,4,2024,0,0,0
"20241002","02/10/2024",276,40,10,4,2024,0,0,0
"20241003","03/10/2024",277,40,10,4,2024,0,0,0
"20241004","04/10/2024",278,40,10,4,2024,0,0,0
"20241005","05/10/2024",279,40,10,4,2024,1,0,0
"20241006","06/10/2024",280,40,10,4,2024,1,0,0
"20241007","07/10/2024",281,41,10,4,2024,0,0,0
"20241008","08/10/2024",282,41,10,4,2024,0,0,0
"20241009","09/10/2024",283,41,10,4,2024,0,0,0
"20241010","10/10/2024",284,41,10,4,2024,0,0,0
"20241011","11/10/2024",285,41,10,4,2024,0,0,0
"20241012","12/10/2024",286,41,10,4,2024,1,0,0
"20241013","13/10/2024",287,41,10,4,2024,1,0,0
"20241014","14/10/2024",288,42,10,4,2024,0,0,0
"20241015","15/10/2024",289,42,10,4,2024,0,0,0
"20241016","16/10/2024",290,42,10,4,2024,0,0,0
"20241017","17/10/2024",291,42,10,4,2024,0,0,0
"20241018","18/10/2024",292,42,10,4,2024,0,0,0
"20241019","19/10/2024",293,42,10,4,2024,1,0,0
"20241020","20/10/2024",294,42,10,4,2024,1,0,0
"20241021","21/10/2024",295,43,10,4,2024,0,0,0
"20241022","22/10/2024",296,43,10,4,2024,0,0,0
"20241023","23/10/2024",297,43,10,4,2024,0,0,0
"20241024","24/10/2024",298,43,10,4,2024,0,0,0
"20241025","25/10/2024",299,43,10,4,2024,0,0,0
"20241026","26/10/2024",300,43,10,4,2024,1,0,0
"20241027","27/10/2024",301,43,10,4,2024,1,0,0
"20241028","28/10/2024",302,44,10,4,2024,0,0,0
"20241029","29/10/2024",303,44,10,4,2024,0,0,0
"20241030","30/10/2024",304,44,10,4,2024,0,0,0
"20241031","31/10/2024",305,44,10,4,2024,0,0,0
"20241101","01/11/2024",306,44,11,4,2024,0,0,0
"20241102","02/11/2024",307,44,11,4,2024,1,0,0
"20241103","03/11/2024",308,44,11,4,2024,1,0,0
"20241104","04/11/2024",309,45,11,4,2024,0,0,0
"20241105","05/11/2024",310,45,11,4,2024,0,0,0
"20241106","06/11/2024",311,45,11,4,2024,0,0,0
"20241107","07/11/2024",312,45,11,4,2024,0,0,0
"20241108","08/11/2024",313,45,11,4,2024,0,0,0
"20241109","09/11/2024",314,45,11,4,2024,1,0,0
"20241110","10/11/2024",315,45,11,4,2024,1,0,0
"20241111","11/11/2024",316,46,11,4,2024,0,0,0
"20241112","12/11/2024",317,46,11,4,2024,0,0,0
"20241113","13/11/2024",318,46,11,4,2024,0,0,0
"20241114","14/11/2024",319,46,11,4,2024,0,0,0
"20241115","15/11/2024",320,46,11,4,2024,0,0,0
"20241116","16/11/2024",321,46,11,4,2024,1,0,0
"20241117","17/11/2024",322,46,11,4,2024,1,0,0
"20241118","18/11/2024",323,47,11,4,2024,0,0,0
"20241119","19/11/2024",324,47,11,4,2024,0,0,0
"20241120","20/11/2024",325,47,11,4,2024,0,0,0
"20241121","21/11/2024",326,47,11,4,2024,0,0,0
"20241122","22/11/2024",327,47,11,4,2024,0,0,0
"20241123","23/11/2024",328,47,11,4,2024,1,0,0
"20241124","24/11/2024",329,47,11,4,2024,1,0,0
"20241125","25/11/2024",330,48,11,4,2024,0,0,0
"20241126","26/11/2024",331,48,11,4,2024,0,0,0
"20241127","27/11/2024",332,48,11,4,2024,0,0,0
"20241128","28/11/2024",333,48,11,4,2024,0,0,0
"20241129","29/11/2024",334,48,11,4,2024,0,0,0
"20241130","30/11/2024",335,48,11,4,2024,1,0,0
"20241201","01/12/2024",336,48,12,4,2024,1,0,0
"20241202","02/12/2024",337,49,12,4,2024,0,0,0
"20241203","03/12/2024",338,49,12,4,2024,0,0,0
"20241204","04/12/2024",339,49,12,4,2024,0,0,0
"20241205","05/12/2024",340,49,12,4,2024,0,0,0
"20241206","06/12/2024",341,49,12,4,2024,0,0,0
"20241207","07/12/2024",342,49,12,4,2024,1,0,0
"20241208","08/12/2024",343,49,12,4,2024,1,0,0
"20241209","09/12/2024",344,50,12,4,2024,0,0,0
"20241210","10/12/2024",345,50,12,4,2024,0,0,0
"20241211","11/12/2024",346,50,12,4,2024,0,0,0
"20241212","12/12/2024",347,50,12,4,2024,0,0,0
"20241213","13/12/2024",348,50,12,4,2024,0,0,0
"20241214","14/12/2024",349,50,12,4,2024,1,0,0
"20241215","15/12/2024",350,50,12,4,2024,1,0,0
"20241216","16/12/2024",351,51,12,4,2024,0,0,0
"20241217","17/12/2024",352,51,12,4,2024,0,0,0
"20241218","18/12/2024",353,51,12,4,2024,0,0,0
"20241219","19/12/2024",354,51,12,4,2024,0,0,0
"20241220","20/12/2024",355,51,12,4,2024,0,0,0
"20241221","21/12/2024",356,51,12,4,2024,1,0,0
"20241222","22/12/2024",357,51,12,4,2024,1,0,0
"20241223","23/12/2024",358,52,12,4,2024,0,0,0
"20241224","24/12/2024",359,52,12,4,2024,0,0,0
"20241225","25/12/2024",360,52,12,4,2024,0,0,1
"20241226","26/12/2024",361,52,12,4,2024,0,0,0
"20241227","27/12/2024",362,52,12,4,2024,0,0,0
"20241228","28/12/2024",363,52,12,4,2024,1,0,0
"20241229","29/12/2024",364,52,12,4,2024,1,0,0
"20241230","30/12/2024",365,1,12,4,2024,0,0,0
"20241231","31/12/2024",366,1,12,4,2024,0,0,0
"20250101","01/01/2025",1,1,1,1,2025,0,0,1
"20250102","02/01/2025",2,1,1,1,2025,0,0,0
"20250103","03/01/2025",3,1,1,1,2025,0,0,0
"20250104","04/01/2025",4,1,1,1,2025,1,0,0
"20250105","05/01/2025",5,1,1,1,2025,1,0,0
"20250106","06/01/2025",6,2,1,1,2025,0,0,0
"20250107","07/01/2025",7,2,1,1,2025,0,0,0
"20250108","08/01/2025",8,2,1,1,2025,0,0,0
"20250109","09/01/2025",9,2,1,1,2025,0,0,0
"20250110","10/01/2025",10,2,1,1,2025,0,0,0
"20250111","11/01/2025",11,2,1,1,2025,1,0,0
"20250112","12/01/2025",12,2,1,1,2025,1,0,0
"20250113","13/01/2025",13,3,1,1,2025,0,0,0
"20250114","14/01/2025",14,3,1,1,2025,0,0,0
"20250115","15/01/2025",15,3,1,1,2025,0,0,0
"20250116","16/01/2025",16,3,1,1,2025,0,0,0
"20250117","17/01/2025",17,3,1,1,2025,0,0,0
"20250118","18/01/2025",18,3,1,1,2025,1,0,0
"20250119","19/01/2025",19,3,1,1,2025,1,0,0
"20250120","20/01/2025",20,4,1,1,2025,0,0,0
"20250121","21/01/2025",21,4,1,1,2025,0,0,0
"20250122","22/01/2025",22,4,1,1,2025,0,0,0
"20250123","23/01/2025",23,4,1,1,2025,0,0,0
"20250124","24/01/2025",24,4,1,1,2025,0,0,0
"20250125","25/01/2025",25,4,1,1,2025,1,0,0
"20250126","26/01/2025",26,4,1,1,2025,1,0,0
"20250127","27/01/2025",27,5,1,1,2025,0,0,0
"20250128","28/01/2025",28,5,1,1,2025,0,0,0
"20250129","29/01/2025",29,5,1,1,2025,0,0,0
"20250130","30/01/2025",30,5,1,1,2025,0,0,0
"20250131","31/01/2025",31,5,1,1,2025,0,0,0
"20250201","01/02/2025",32,5,2,1,2025,1,0,0
"20250202","02/02/2025",33,5,2,1,2025,1,0,0
"20250203","03/02/2025",34,6,2,1,2025,0,0,0
"20250204","04/02/2025",35,6,2,1,2025,0,0,0
"20250205","05/02/2025",36,6,2,1,2025,0,0,0
"20250206","06/02/2025",37,6,2,1,2025,0,0,0
"20250207","07/02/2025",38,6,2,1,2025,0,0,0
"20250208","08/02/2025",39,6,2,1,2025,1,0,0
"20250209","09/02/2025",40,6,2,1,2025,1,0,0
"20250210","10/02/2025",41,7,2,1,2025,0,0,0
"20250211","11/02/2025",42,7,2,1,2025,0,0,0
"20250212","12/02/2025",43,7,2,1,2025,0,0,0
"20250213","13/02/2025",44,7,2,1,2025,0,0,0
"20250214","14/02/2025",45,7,2,1,2025,0,0,0
"20250215","15/02/2025",46,7,2,1,2025,1,0,0
"20250216","16/02/2025",47,7,2,1,2025,1,0,0
"20250217","17/02/2025",48,8,2,1,2025,0,0,0
"20250218","18/02/2025",49,8,2,1,2025,0,0,0
"20250219","19/02/2025",50,8,2,1,2025,0,0,0
"20250220","20/02/2025",51,8,2,1,2025,0,0,0
"20250221","21/02/2025",52,8,2,1,2025,0,0,0
"20250222","22/02/2025",53,8,2,1,2025,1,0,0
"20250223","23/02/2025",54,8,2,1,2025,1,0,0
"20250224","24/02/2025",55,9,2,1,2025,0,0,0
"20250225","25/02/2025",56,9,2,1,2025,0,0,0
"20250226","26/02/2025",57,9,2,1,2025,0,0,0
"20250227","27/02/2025",58,9,2,1,2025,0,0,0
"20250228","28/02/2025",59,9,2,1,2025,0,0,0
"20250301","01/03/2025",60,9,3,1,2025,1,0,0
"20250302","02/03/2025",61,9,3,1,2025,1,0,0
"20250303","03/03/2025",62,10,3,1,2025,0,0,0
"20250304","04/03/2025",63,10,3,1,2025,0,0,0
"20250305","05/03/2025",64,10,3,1,2025,0,0,0
"20250306","06/03/2025",65,10,3,1,2025,0,0,0
"20250307","07/03/2025",66,10,3,1,2025,0,0,0
"20250308","08/03/2025",67,10,3,1,2025,1,0,0
"20250309","09/03/2025",68,10,3,1,2025,1,0,0
"20250310","10/03/2025",69,11,3,1,2025,0,0,0
"20250311","11/03/2025",70,11,3,1,2025,0,0,0
"20250312","12/03/2025",71,11,3,1,2025,0,0,0
"20250313","13/03/2025",72,11,3,1,2025,0,0,0
"20250314","14/03/2025",73,11,3,1,2025,0,0,0
"20250315","15/03/2025",74,11,3,1,2025,1,0,0
"20250316","16/03/2025",75,11,3,1,2025,1,0,0
"20250317","17/03/2025",76,12,3,1,2025,0,0,0
"20250318","18/03/2025",77,12,3,1,2025,0,0,0
"20250319","19/03/2025",78,12,3,1,2025,0,0,0
"20250320","20/03/2025",79,12,3,1,2025,0,0,0
"20250321","21/03/2025",80,12,3,1,2025,0,0,0
"20250322","22/03/2025",81,12,3,1,2025,1,0,0
"20250323","23/03/2025",82,12,3,1,2025,1,0,0
"20250324","24/03/2025",83,13,3,1,2025,0,0,0
"20250325","25/03/2025",84,13,3,1,2025,0,0,0
"20250326","26/03/2025",85,13,3,1,2025,0,0,0
"20250327","27/03/2025",86,13,3,1,2025,0,0,0
"20250328","28/03/2025",87,13,3,1,2025,0,0,0
"20250329","29/03/2025",88,13,3,1,2025,1,0,0
"20250330","30/03/2025",89,13,3,1,2025,1,0,0
"20250331","31/03/2025",90,14,3,1,2025,0,0,0
"20250401","01/04/2025",91,14,4,2,2025,0,0,0
"20250402","02/04/2025",92,14,4,2,2025,0,0,0
"20250403","03/04/2025",93,14,4,2,2025,0,0,0
"20250404","04/04/2025",94,14,4,2,2025,0,0,0
"20250405","05/04/2025",95,14,4,2,2025,1,0,0
"20250406","06/04/2025",96,14,4,2,2025,1,0,0
"20250407","07/04/2025",97,15,4,2,2025,0,0,0
"20250408","08/04/2025",98,15,4,2,2025,0,0,0
"20250409","09/04/2025",99,15,4,2,2025,0,0,0
"20250410","10/04/2025",100,15,4,2,2025,0,0,0
"20250411","11/04/2025",101,15,4,2,2025,0,0,0
"20250412","12/04/2025",102,15,4,2,2025,1,0,0
"20250413","13/04/2025",103,15,4,2,2025,1,0,0
"20250414","14/04/2025",104,16,4,2,2025,0,0,0
"20250415","15/04/2025",105,16,4,2,2025,0,0,0
"20250416","16/04/2025",106,16,4,2,2025,0,0,0
"20250417","17/04/2025",107,16,4,2,2025,0,0,0
"20250418","18/04/2025",108,16,4,2,2025,0,0,0
"20250419","19/04/2025",109,16,4,2,2025,1,0,0
"20250420","20/04/2025",110,16,4,2,2025,1,0,0
"20250421","21/04/2025",111,17,4,2,2025,0,0,0
"20250422","22/04/2025",112,17,4,2,2025,0,0,0
"20250423","23/04/2025",113,17,4,2,2025,0,0,0
"20250424","24/04/2025",114,17,4,2,2025,0,0,0
"20250425","25/04/2025",115,17,4,2,2025,0,0,0
"20250426","26/04/2025",116,17,4,2,2025,1,0,0
"20250427","27/04/2025",117,17,4,2,2025,1,0,0
"20250428","28/04/2025",118,18,4,2,2025,0,0,0
"20271216","16/12/2027",350,50,12,4,2027,0,0,0
"20271217","17/12/2027",351,50,12,4,2027,0,0,0
"20271218","18/12/2027",352,50,12,4,2027,1,0,0
"20271219","19/12/2027",353,50,12,4,2027,1,0,0
"20271220","20/12/2027",354,51,12,4,2027,0,0,0
"20271221","21/12/2027",355,51,12,4,2027,0,0,0
"20271222","22/12/2027",356,51,12,4,2027,0,0,0
"20271223","23/12/2027",357,51,12,4,2027,0,0,0
"20271224","24/12/2027",358,51,12,4,2027,0,0,0
"20271225","25/12/2027",359,51,12,4,2027,1,0,1
"20271226","26/12/2027",360,51,12,4,2027,1,0,0
"20271227","27/12/2027",361,52,12,4,2027,0,0,0
"20271228","28/12/2027",362,52,12,4,2027,0,0,0
"20271229","29/12/2027",363,52,12,4,2027,0,0,0
"20271230","30/12/2027",364,52,12,4,2027,0,0,0
"20271231","31/12/2027",365,52,12,4,2027,0,0,0
"20280101","01/01/2028",1,52,1,1,2028,1,0,1
"20280102","02/01/2028",2,52,1,1,2028,1,0,0
"20280103","03/01/2028",3,1,1,1,2028,0,0,0
"20280104","04/01/2028",4,1,1,1,2028,0,0,0
"20280105","05/01/2028",5,1,1,1,2028,0,0,0
"20280106","06/01/2028",6,1,1,1,2028,0,0,0
"20280107","07/01/2028",7,1,1,1,2028,0,0,0
"20280108","08/01/2028",8,1,1,1,2028,1,0,0
"20280109","09/01/2028",9,1,1,1,2028,1,0,0
"20280110","10/01/2028",10,2,1,1,2028,0,0,0
"20280111","11/01/2028",11,2,1,1,2028,0,0,0
"20280112","12/01/2028",12,2,1,1,2028,0,0,0
"20280113","13/01/2028",13,2,1,1,2028,0,0,0
"20280114","14/01/2028",14,2,1,1,2028,0,0,0
"20280115","15/01/2028",15,2,1,1,2028,1,0,0
"20280116","16/01/2028",16,2,1,1,2028,1,0,0
"20280117","17/01/2028",17,3,1,1,2028,0,0,0
"20280118","18/01/2028",18,3,1,1,2028,0,0,0
"20280119","19/01/2028",19,3,1,1,2028,0,0,0
"20280120","20/01/2028",20,3,1,1,2028,0,0,0
"20280121","21/01/2028",21,3,1,1,2028,0,0,0
"20280122","22/01/2028",22,3,1,1,2028,1,0,0
"20280123","23/01/2028",23,3,1,1,2028,1,0,0
"20280124","24/01/2028",24,4,1,1,2028,0,0,0
"20280125","25/01/2028",25,4,1,1,2028,0,0,0
"20280126","26/01/2028",26,4,1,1,2028,0,0,0
"20280127","27/01/2028",27,4,1,1,2028,0,0,0
"20280128","28/01/2028",28,4,1,1,2028,0,0,0
"20280129","29/01/2028",29,4,1,1,2028,1,0,0
"20280130","30/01/2028",30,4,1,1,2028,1,0,0
"20280131","31/01/2028",31,5,1,1,2028,0,0,0
"20280201","01/02/2028",32,5,2,1,2028,0,0,0
"20280202","02/02/2028",33,5,2,1,2028,0,0,0
"20280203","03/02/2028",34,5,2,1,2028,0,0,0
"20280204","04/02/2028",35,5,2,1,2028,0,0,0
"20280205","05/02/2028",36,5,2,1,2028,1,0,0
"20280206","06/02/2028",37,5,2,1,2028,1,0,0
"20280207","07/02/2028",38,6,2,1,2028,0,0,0
"20280208","08/02/2028",39,6,2,1,2028,0,0,0
"20280209","09/02/2028",40,6,2,1,2028,0,0,0
"20280210","10/02/2028",41,6,2,1,2028,0,0,0
"20280211","11/02/2028",42,6,2,1,2028,0,0,0
"20280212","12/02/2028",43,6,2,1,2028,1,0,0
"20280213","13/02/2028",44,6,2,1,2028,1,0,0
"20280214","14/02/2028",45,7,2,1,2028,0,0,0
"20280215","15/02/2028",46,7,2,1,2028,0,0,0
"20280216","16/02/2028",47,7,2,1,2028,0,0,0
"20280217","17/02/2028",48,7,2,1,2028,0,0,0
"20280218","18/02/2028",49,7,2,1,2028,0,0,0
"20280219","19/02/2028",50,7,2,1,2028,1,0,0
"20280220","20/02/2028",51,7,2,1,2028,1,0,0
"20280221","21/02/2028",52,8,2,1,2028,0,0,0
"20280222","22/02/2028",53,8,2,1,2028,0,0,0
"20280223","23/02/2028",54,8,2,1,2028,0,0,0
"20280224","24/02/2028",55,8,2,1,2028,0,0,0
"20280225","25/02/2028",56,8,2,1,2028,0,0,0
"20280226","26/02/2028",57,8,2,1,2028,1,0,0
"20280227","27/02/2028",58,8,2,1,2028,1,0,0
"20280228","28/02/2028",59,9,2,1,2028,0,0,0
"20280229","29/02/2028",60,9,2,1,2028,0,0,0
"20280301","01/03/2028",61,9,3,1,2028,0,0,0
"20280302","02/03/2028",62,9,3,1,2028,0,0,0
"20280303","03/03/2028",63,9,3,1,2028,0,0,0
"20280304","04/03/2028",64,9,3,1,2028,1,0,0
"20280305","05/03/2028",65,9,3,1,2028,1,0,0
"20280306","06/03/2028",66,10,3,1,2028,0,0,0
"20280307","07/03/2028",67,10,3,1,2028,0,0,0
"20280308","08/03/2028",68,10,3,1,2028,0,0,0
"20280309","09/03/2028",69,10,3,1,2028,0,0,0
"20280310","10/03/2028",70,10,3,1,2028,0,0,0
"20280311","11/03/2028",71,10,3,1,2028,1,0,0
"20280312","12/03/2028",72,10,3,1,2028,1,0,0
"20280313","13/03/2028",73,11,3,1,2028,0,0,0
"20280314","14/03/2028",74,11,3,1,2028,0,0,0
"20280315","15/03/2028",75,11,3,1,2028,0,0,0
"20280316","16/03/2028",76,11,3,1,2028,0,0,0
"20280317","17/03/2028",77,11,3,1,2028,0,0,0
"20280318","18/03/2028",78,11,3,1,2028,1,0,0
"20280319","19/03/2028",79,11,3,1,2028,1,0,0
"20280320","20/03/2028",80,12,3,1,2028,0,0,0
"20280321","21/03/2028",81,12,3,1,2028,0,0,0
"20280322","22/03/2028",82,12,3,1,2028,0,0,0
"20280323","23/03/2028",83,12,3,1,2028,0,0,0
"20280324","24/03/2028",84,12,3,1,2028,0,0,0
"20280325","25/03/2028",85,12,3,1,2028,1,0,0
"20280326","26/03/2028",86,12,3,1,2028,1,0,0
"20280327","27/03/2028",87,13,3,1,2028,0,0,0
"20280328","28/03/2028",88,13,3,1,2028,0,0,0
"20280329","29/03/2028",89,13,3,1,2028,0,0,0
"20280330","30/03/2028",90,13,3,1,2028,0,0,0
"20280331","31/03/2028",91,13,3,1,2028,0,0,0
"20280401","01/04/2028",92,13,4,2,2028,1,0,0
"20280402","02/04/2028",93,13,4,2,2028,1,0,0
"20280403","03/04/2028",94,14,4,2,2028,0,0,0
"20280404","04/04/2028",95,14,4,2,2028,0,0,0
"20280405","05/04/2028",96,14,4,2,2028,0,0,0
"20280406","06/04/2028",97,14,4,2,2028,0,0,0
"20280407","07/04/2028",98,14,4,2,2028,0,0,0
"20280408","08/04/2028",99,14,4,2,2028,1,0,0
"20280409","09/04/2028",100,14,4,2,2028,1,0,0
"20280410","10/04/2028",101,15,4,2,2028,0,0,0
"20280411","11/04/2028",102,15,4,2,2028,0,0,0
"20280412","12/04/2028",103,15,4,2,2028,0,0,0
"20280413","13/04/2028",104,15,4,2,2028,0,0,0
"20280414","14/04/2028",105,15,4,2,2028,0,0,0
"20280415","15/04/2028",106,15,4,2,2028,1,0,0
"20280416","16/04/2028",107,15,4,2,2028,1,0,0
"20280417","17/04/2028",108,16,4,2,2028,0,0,0
"20280418","18/04/2028",109,16,4,2,2028,0,0,0
"20280419","19/04/2028",110,16,4,2,2028,0,0,0
"20280420","20/04/2028",111,16,4,2,2028,0,0,0
"20280421","21/04/2028",112,16,4,2,2028,0,0,0
"20280422","22/04/2028",113,16,4,2,2028,1,0,0
"20280423","23/04/2028",114,16,4,2,2028,1,0,0
"20280424","24/04/2028",115,17,4,2,2028,0,0,0
"20280425","25/04/2028",116,17,4,2,2028,0,0,0
"20280426","26/04/2028",117,17,4,2,2028,0,0,0
"20280427","27/04/2028",118,17,4,2,2028,0,0,0
"20280428","28/04/2028",119,17,4,2,2028,0,0,0
"20280429","29/04/2028",120,17,4,2,2028,1,0,0
"20280430","30/04/2028",121,17,4,2,2028,1,0,0
"20280501","01/05/2028",122,18,5,2,2028,0,0,0
"20280502","02/05/2028",123,18,5,2,2028,0,0,0
"20280503","03/05/2028",124,18,5,2,2028,0,0,0
"20280504","04/05/2028",125,18,5,2,2028,0,0,0
"20280505","05/05/2028",126,18,5,2,2028,0,0,0
"20280506","06/05/2028",127,18,5,2,2028,1,0,0
"20280507","07/05/2028",128,18,5,2,2028,1,0,0
"20280508","08/05/2028",129,19,5,2,2028,0,0,0
"20280509","09/05/2028",130,19,5,2,2028,0,0,0
"20280510","10/05/2028",131,19,5,2,2028,0,0,0
"20280511","11/05/2028",132,19,5,2,2028,0,0,0
"20280512","12/05/2028",133,19,5,2,2028,0,0,0
"20280513","13/05/2028",134,19,5,2,2028,1,0,0
"20280514","14/05/2028",135,19,5,2,2028,1,0,0
"20280515","15/05/2028",136,20,5,2,2028,0,0,0
"20280516","16/05/2028",137,20,5,2,2028,0,0,0
"20280517","17/05/2028",138,20,5,2,2028,0,0,0
"20280518","18/05/2028",139,20,5,2,2028,0,0,0
"20280519","19/05/2028",140,20,5,2,2028,0,0,0
"20280520","20/05/2028",141,20,5,2,2028,1,0,0
"20280521","21/05/2028",142,20,5,2,2028,1,0,0
"20280522","22/05/2028",143,21,5,2,2028,0,0,0
"20280523","23/05/2028",144,21,5,2,2028,0,0,0
"20280524","24/05/2028",145,21,5,2,2028,0,0,0
"20280525","25/05/2028",146,21,5,2,2028,0,0,0
"20280526","26/05/2028",147,21,5,2,2028,0,0,0
"20280527","27/05/2028",148,21,5,2,2028,1,0,0
"20280528","28/05/2028",149,21,5,2,2028,1,0,0
"20280529","29/05/2028",150,22,5,2,2028,0,0,0
"20280530","30/05/2028",151,22,5,2,2028,0,0,0
"20280531","31/05/2028",152,22,5,2,2028,0,0,0
"20280601","01/06/2028",153,22,6,2,2028,0,0,0
"20280602","02/06/2028",154,22,6,2,2028,0,0,0
"20280603","03/06/2028",155,22,6,2,2028,1,0,0
"20280604","04/06/2028",156,22,6,2,2028,1,0,0
"20280605","05/06/2028",157,23,6,2,2028,0,0,0
"20280606","06/06/2028",158,23,6,2,2028,0,0,0
"20280607","07/06/2028",159,23,6,2,2028,0,0,0
"20280608","08/06/2028",160,23,6,2,2028,0,0,0
"20280609","09/06/2028",161,23,6,2,2028,0,0,0
"20280610","10/06/2028",162,23,6,2,2028,1,0,0
"20280611","11/06/2028",163,23,6,2,2028,1,0,0
"20280612","12/06/2028",164,24,6,2,2028,0,0,0
"20280613","13/06/2028",165,24,6,2,2028,0,0,0
"20280614","14/06/2028",166,24,6,2,2028,0,0,0
"20280615","15/06/2028",167,24,6,2,2028,0,0,0
"20280616","16/06/2028",168,24,6,2,2028,0,0,0
"20280617","17/06/2028",169,24,6,2,2028,1,0,0
"20280618","18/06/2028",170,24,6,2,2028,1,0,0
"20280619","19/06/2028",171,25,6,2,2028,0,0,0
"20280620","20/06/2028",172,25,6,2,2028,0,0,0
"20280621","21/06/2028",173,25,6,2,2028,0,0,0
"20280622","22/06/2028",174,25,6,2,2028,0,0,0
"20280623","23/06/2028",175,25,6,2,2028,0,0,0
"20280624","24/06/2028",176,25,6,2,2028,1,0,0
"20280625","25/06/2028",177,25,6,2,2028,1,0,0
"20280626","26/06/2028",178,26,6,2,2028,0,0,0
"20280627","27/06/2028",179,26,6,2,2028,0,0,0
"20280628","28/06/2028",180,26,6,2,2028,0,0,0
"20280629","29/06/2028",181,26,6,2,2028,0,0,0
"20280630","30/06/2028",182,26,6,2,2028,0,0,0
"20280701","01/07/2028",183,26,7,3,2028,1,0,0
"20280702","02/07/2028",184,26,7,3,2028,1,0,0
"20280703","03/07/2028",185,27,7,3,2028,0,0,0
"20280704","04/07/2028",186,27,7,3,2028,0,0,0
"20280705","05/07/2028",187,27,7,3,2028,0,0,0
"20280706","06/07/2028",188,27,7,3,2028,0,0,0
"20280707","07/07/2028",189,27,7,3,2028,0,0,0
"20280708","08/07/2028",190,27,7,3,2028,1,0,0
"20280709","09/07/2028",191,27,7,3,2028,1,0,0
"20280710","10/07/2028",192,28,7,3,2028,0,0,0
"20280711","11/07/2028",193,28,7,3,2028,0,0,0
"20280712","12/07/2028",194,28,7,3,2028,0,0,0
"20280713","13/07/2028",195,28,7,3,2028,0,0,0
"20280714","14/07/2028",196,28,7,3,2028,0,0,0
"20280715","15/07/2028",197,28,7,3,2028,1,0,0
"20280716","16/07/2028",198,28,7,3,2028,1,0,0
"20280717","17/07/2028",199,29,7,3,2028,0,0,0
"20280718","18/07/2028",200,29,7,3,2028,0,0,0
"20280719","19/07/2028",201,29,7,3,2028,0,0,0
"20280720","20/07/2028",202,29,7,3,2028,0,0,0
"20280721","21/07/2028",203,29,7,3,2028,0,0,0
"20280722","22/07/2028",204,29,7,3,2028,1,0,0
"20280723","23/07/2028",205,29,7,3,2028,1,0,0
"20280724","24/07/2028",206,30,7,3,2028,0,0,0
"20280725","25/07/2028",207,30,7,3,2028,0,0,0
"20280726","26/07/2028",208,30,7,3,2028,0,0,0
"20280727","27/07/2028",209,30,7,3,2028,0,0,0
"20280728","28/07/2028",210,30,7,3,2028,0,0,0
"20280729","29/07/2028",211,30,7,3,2028,1,0,0
"20280730","30/07/2028",212,30,7,3,2028,1,0,0
"20280731","31/07/2028",213,31,7,3,2028,0,0,0
"20280801","01/08/2028",214,31,8,3,2028,0,0,0
"20280802","02/08/2028",215,31,8,3,2028,0,0,0
"20280803","03/08/2028",216,31,8,3,2028,0,0,0
"20280804","04/08/2028",217,31,8,3,2028,0,0,0
"20280805","05/08/2028",218,31,8,3,2028,1,0,0
"20280806","06/08/2028",219,31,8,3,2028,1,0,0
"20280807","07/08/2028",220,32,8,3,2028,0,0,0
"20280808","08/08/2028",221,32,8,3,2028,0,0,0
"20280809","09/08/2028",222,32,8,3,2028,0,0,0
"20280810","10/08/2028",223,32,8,3,2028,0,0,0
"20280811","11/08/2028",224,32,8,3,2028,0,0,0
"20280812","12/08/2028",225,32,8,3,2028,1,0,0
"20280813","13/08/2028",226,32,8,3,2028,1,0,0
"20280814","14/08/2028",227,33,8,3,2028,0,0,0
"20280815","15/08/2028",228,33,8,3,2028,0,0,0
"20280816","16/08/2028",229,33,8,3,2028,0,0,0
"20280817","17/08/2028",230,33,8,3,2028,0,0,0
"20280818","18/08/2028",231,33,8,3,2028,0,0,0
"20280819","19/08/2028",232,33,8,3,2028,1,0,0
"20280820","20/08/2028",233,33,8,3,2028,1,0,0
"20280821","21/08/2028",234,34,8,3,2028,0,0,0
"20280822","22/08/2028",235,34,8,3,2028,0,0,0
"20280823","23/08/2028",236,34,8,3,2028,0,0,0
"20280824","24/08/2028",237,34,8,3,2028,0,0,0
"20280825","25/08/2028",238,34,8,3,2028,0,0,0
"20280826","26/08/2028",239,34,8,3,2028,1,0,0
"20280827","27/08/2028",240,34,8,3,2028,1,0,0
"20280828","28/08/2028",241,35,8,3,2028,0,0,0
"20280829","29/08/2028",242,35,8,3,2028,0,0,0
"20280830","30/08/2028",243,35,8,3,2028,0,0,0
"20280831","31/08/2028",244,35,8,3,2028,0,0,0
"20280901","01/09/2028",245,35,9,3,2028,0,0,0
"20280902","02/09/2028",246,35,9,3,2028,1,0,0
"20280903","03/09/2028",247,35,9,3,2028,1,0,0
"20280904","04/09/2028",248,36,9,3,2028,0,0,0
"20280905","05/09/2028",249,36,9,3,2028,0,0,0
"20280906","06/09/2028",250,36,9,3,2028,0,0,0
"20280907","07/09/2028",251,36,9,3,2028,0,0,0
"20280908","08/09/2028",252,36,9,3,2028,0,0,0
"20280909","09/09/2028",253,36,9,3,2028,1,0,0
"20280910","10/09/2028",254,36,9,3,2028,1,0,0
"20280911","11/09/2028",255,37,9,3,2028,0,0,0
"20280912","12/09/2028",256,37,9,3,2028,0,0,0
"20280913","13/09/2028",257,37,9,3,2028,0,0,0
"20280914","14/09/2028",258,37,9,3,2028,0,0,0
"20280915","15/09/2028",259,37,9,3,2028,0,0,0
"20280916","16/09/2028",260,37,9,3,2028,1,0,0
"20280917","17/09/2028",261,37,9,3,2028,1,0,0
"20280918","18/09/2028",262,38,9,3,2028,0,0,0
"20280919","19/09/2028",263,38,9,3,2028,0,0,0
"20280920","20/09/2028",264,38,9,3,2028,0,0,0
"20280921","21/09/2028",265,38,9,3,2028,0,0,0
"20280922","22/09/2028",266,38,9,3,2028,0,0,0
"20280923","23/09/2028",267,38,9,3,2028,1,0,0
"20280924","24/09/2028",268,38,9,3,2028,1,0,0
"20280925","25/09/2028",269,39,9,3,2028,0,0,0
"20280926","26/09/2028",270,39,9,3,2028,0,0,0
"20280927","27/09/2028",271,39,9,3,2028,0,0,0
"20280928","28/09/2028",272,39,9,3,2028,0,0,0
"20280929","29/09/2028",273,39,9,3,2028,0,0,0
"20280930","30/09/2028",274,39,9,3,2028,1,0,0
"20281001","01/10/2028",275,39,10,4,2028,1,0,0
"20281002","02/10/2028",276,40,10,4,2028,0,0,0
"20281003","03/10/2028",277,40,10,4,2028,0,0,0
"20281004","04/10/2028",278,40,10,4,2028,0,0,0
"20281005","05/10/2028",279,40,10,4,2028,0,0,0
"20281006","06/10/2028",280,40,10,4,2028,0,0,0
"20281007","07/10/2028",281,40,10,4,2028,1,0,0
"20281008","08/10/2028",282,40,10,4,2028,1,0,0
"20281009","09/10/2028",283,41,10,4,2028,0,0,0
"20281010","10/10/2028",284,41,10,4,2028,0,0,0
"20281011","11/10/2028",285,41,10,4,2028,0,0,0
"20281012","12/10/2028",286,41,10,4,2028,0,0,0
"20281013","13/10/2028",287,41,10,4,2028,0,0,0
"20281014","14/10/2028",288,41,10,4,2028,1,0,0
"20281015","15/10/2028",289,41,10,4,2028,1,0,0
"20281016","16/10/2028",290,42,10,4,2028,0,0,0
"20281017","17/10/2028",291,42,10,4,2028,0,0,0
"20281018","18/10/2028",292,42,10,4,2028,0,0,0
"20281019","19/10/2028",293,42,10,4,2028,0,0,0
"20281020","20/10/2028",294,42,10,4,2028,0,0,0
"20281021","21/10/2028",295,42,10,4,2028,1,0,0
"20281022","22/10/2028",296,42,10,4,2028,1,0,0
"20281023","23/10/2028",297,43,10,4,2028,0,0,0
"20281024","24/10/2028",298,43,10,4,2028,0,0,0
"20281025","25/10/2028",299,43,10,4,2028,0,0,0
"20281026","26/10/2028",300,43,10,4,2028,0,0,0
"20281027","27/10/2028",301,43,10,4,2028,0,0,0
"20281028","28/10/2028",302,43,10,4,2028,1,0,0
"20281029","29/10/2028",303,43,10,4,2028,1,0,0
"20281030","30/10/2028",304,44,10,4,2028,0,0,0
"20281031","31/10/2028",305,44,10,4,2028,0,0,0
"20281101","01/11/2028",306,44,11,4,2028,0,0,0
"20281102","02/11/2028",307,44,11,4,2028,0,0,0
"20281103","03/11/2028",308,44,11,4,2028,0,0,0
"20281104","04/11/2028",309,44,11,4,2028,1,0,0
"20281105","05/11/2028",310,44,11,4,2028,1,0,0
"20281106","06/11/2028",311,45,11,4,2028,0,0,0
"20281107","07/11/2028",312,45,11,4,2028,0,0,0
"20281108","08/11/2028",313,45,11,4,2028,0,0,0
"20281109","09/11/2028",314,45,11,4,2028,0,0,0
"20281110","10/11/2028",315,45,11,4,2028,0,0,0
"20281111","11/11/2028",316,45,11,4,2028,1,0,0
"20281112","12/11/2028",317,45,11,4,2028,1,0,0
"20281113","13/11/2028",318,46,11,4,2028,0,0,0
"20281114","14/11/2028",319,46,11,4,2028,0,0,0
"20281115","15/11/2028",320,46,11,4,2028,0,0,0
"20281116","16/11/2028",321,46,11,4,2028,0,0,0
"20281117","17/11/2028",322,46,11,4,2028,0,0,0
"20281118","18/11/2028",323,46,11,4,2028,1,0,0
"20281119","19/11/2028",324,46,11,4,2028,1,0,0
"20281120","20/11/2028",325,47,11,4,2028,0,0,0
"20281121","21/11/2028",326,47,11,4,2028,0,0,0
"20281122","22/11/2028",327,47,11,4,2028,0,0,0
"20281123","23/11/2028",328,47,11,4,2028,0,0,0
"20281124","24/11/2028",329,47,11,4,2028,0,0,0
"20281125","25/11/2028",330,47,11,4,2028,1,0,0
"20281126","26/11/2028",331,47,11,4,2028,1,0,0
"20281127","27/11/2028",332,48,11,4,2028,0,0,0
"20281128","28/11/2028",333,48,11,4,2028,0,0,0
"20281129","29/11/2028",334,48,11,4,2028,0,0,0
"20281130","30/11/2028",335,48,11,4,2028,0,0,0
"20281201","01/12/2028",336,48,12,4,2028,0,0,0
"20281202","02/12/2028",337,48,12,4,2028,1,0,0
"20281203","03/12/2028",338,48,12,4,2028,1,0,0
"20281204","04/12/2028",339,49,12,4,2028,0,0,0
"20281205","05/12/2028",340,49,12,4,2028,0,0,0
"20281206","06/12/2028",341,49,12,4,2028,0,0,0
"20281207","07/12/2028",342,49,12,4,2028,0,0,0
"20281208","08/12/2028",343,49,12,4,2028,0,0,0
"20281209","09/12/2028",344,49,12,4,2028,1,0,0
"20281210","10/12/2028",345,49,12,4,2028,1,0,0
"20281211","11/12/2028",346,50,12,4,2028,0,0,0
"20281212","12/12/2028",347,50,12,4,2028,0,0,0
"20281213","13/12/2028",348,50,12,4,2028,0,0,0
"20281214","14/12/2028",349,50,12,4,2028,0,0,0
"20281215","15/12/2028",350,50,12,4,2028,0,0,0
"20281216","16/12/2028",351,50,12,4,2028,1,0,0
"20281217","17/12/2028",352,50,12,4,2028,1,0,0
"20281218","18/12/2028",353,51,12,4,2028,0,0,0
"20281219","19/12/2028",354,51,12,4,2028,0,0,0
"20281220","20/12/2028",355,51,12,4,2028,0,0,0
"20281221","21/12/2028",356,51,12,4,2028,0,0,0
"20281222","22/12/2028",357,51,12,4,2028,0,0,0
"20281223","23/12/2028",358,51,12,4,2028,1,0,0
"20281224","24/12/2028",359,51,12,4,2028,1,0,0
"20281225","25/12/2028",360,52,12,4,2028,0,0,1
"20281226","26/12/2028",361,52,12,4,2028,0,0,0
"20281227","27/12/2028",362,52,12,4,2028,0,0,0
"20281228","28/12/2028",363,52,12,4,2028,0,0,0
"20281229","29/12/2028",364,52,12,4,2028,0,0,0
"20281230","30/12/2028",365,52,12,4,2028,1,0,0
"20260313","13/03/2026",72,11,3,1,2026,0,0,0
"20260314","14/03/2026",73,11,3,1,2026,1,0,0
"20260315","15/03/2026",74,11,3,1,2026,1,0,0
"20260316","16/03/2026",75,12,3,1,2026,0,0,0
"20260317","17/03/2026",76,12,3,1,2026,0,0,0
"20260318","18/03/2026",77,12,3,1,2026,0,0,0
"20260319","19/03/2026",78,12,3,1,2026,0,0,0
"20260320","20/03/2026",79,12,3,1,2026,0,0,0
"20260321","21/03/2026",80,12,3,1,2026,1,0,0
"20260322","22/03/2026",81,12,3,1,2026,1,0,0
"20260323","23/03/2026",82,13,3,1,2026,0,0,0
"20260324","24/03/2026",83,13,3,1,2026,0,0,0
"20260325","25/03/2026",84,13,3,1,2026,0,0,0
"20260326","26/03/2026",85,13,3,1,2026,0,0,0
"20260327","27/03/2026",86,13,3,1,2026,0,0,0
"20260328","28/03/2026",87,13,3,1,2026,1,0,0
"20260329","29/03/2026",88,13,3,1,2026,1,0,0
"20260330","30/03/2026",89,14,3,1,2026,0,0,0
"20260331","31/03/2026",90,14,3,1,2026,0,0,0
"20260401","01/04/2026",91,14,4,2,2026,0,0,0
"20260402","02/04/2026",92,14,4,2,2026,0,0,0
"20260403","03/04/2026",93,14,4,2,2026,0,0,0
"20260404","04/04/2026",94,14,4,2,2026,1,0,0
"20260405","05/04/2026",95,14,4,2,2026,1,0,0
"20260406","06/04/2026",96,15,4,2,2026,0,0,0
"20260407","07/04/2026",97,15,4,2,2026,0,0,0
"20260408","08/04/2026",98,15,4,2,2026,0,0,0
"20260409","09/04/2026",99,15,4,2,2026,0,0,0
"20260410","10/04/2026",100,15,4,2,2026,0,0,0
"20260411","11/04/2026",101,15,4,2,2026,1,0,0
"20260412","12/04/2026",102,15,4,2,2026,1,0,0
"20260413","13/04/2026",103,16,4,2,2026,0,0,0
"20260414","14/04/2026",104,16,4,2,2026,0,0,0
"20260415","15/04/2026",105,16,4,2,2026,0,0,0
"20260416","16/04/2026",106,16,4,2,2026,0,0,0
"20260417","17/04/2026",107,16,4,2,2026,0,0,0
"20260418","18/04/2026",108,16,4,2,2026,1,0,0
"20260419","19/04/2026",109,16,4,2,2026,1,0,0
"20260420","20/04/2026",110,17,4,2,2026,0,0,0
"20260421","21/04/2026",111,17,4,2,2026,0,0,0
"20260422","22/04/2026",112,17,4,2,2026,0,0,0
"20260423","23/04/2026",113,17,4,2,2026,0,0,0
"20260424","24/04/2026",114,17,4,2,2026,0,0,0
"20260425","25/04/2026",115,17,4,2,2026,1,0,0
"20260426","26/04/2026",116,17,4,2,2026,1,0,0
"20260427","27/04/2026",117,18,4,2,2026,0,0,0
"20260428","28/04/2026",118,18,4,2,2026,0,0,0
"20260429","29/04/2026",119,18,4,2,2026,0,0,0
"20260430","30/04/2026",120,18,4,2,2026,0,0,0
"20260501","01/05/2026",121,18,5,2,2026,0,0,0
"20260502","02/05/2026",122,18,5,2,2026,1,0,0
"20260503","03/05/2026",123,18,5,2,2026,1,0,0
"20260504","04/05/2026",124,19,5,2,2026,0,0,0
"20260505","05/05/2026",125,19,5,2,2026,0,0,0
"20260506","06/05/2026",126,19,5,2,2026,0,0,0
"20260507","07/05/2026",127,19,5,2,2026,0,0,0
"20260508","08/05/2026",128,19,5,2,2026,0,0,0
"20260509","09/05/2026",129,19,5,2,2026,1,0,0
"20260510","10/05/2026",130,19,5,2,2026,1,0,0
"20260511","11/05/2026",131,20,5,2,2026,0,0,0
"20260512","12/05/2026",132,20,5,2,2026,0,0,0
"20260513","13/05/2026",133,20,5,2,2026,0,0,0
"20260514","14/05/2026",134,20,5,2,2026,0,0,0
"20260515","15/05/2026",135,20,5,2,2026,0,0,0
"20260516","16/05/2026",136,20,5,2,2026,1,0,0
"20260517","17/05/2026",137,20,5,2,2026,1,0,0
"20260518","18/05/2026",138,21,5,2,2026,0,0,0
"20260519","19/05/2026",139,21,5,2,2026,0,0,0
"20260520","20/05/2026",140,21,5,2,2026,0,0,0
"20260521","21/05/2026",141,21,5,2,2026,0,0,0
"20260522","22/05/2026",142,21,5,2,2026,0,0,0
"20260523","23/05/2026",143,21,5,2,2026,1,0,0
"20260524","24/05/2026",144,21,5,2,2026,1,0,0
"20260525","25/05/2026",145,22,5,2,2026,0,0,0
"20260526","26/05/2026",146,22,5,2,2026,0,0,0
"20260527","27/05/2026",147,22,5,2,2026,0,0,0
"20260528","28/05/2026",148,22,5,2,2026,0,0,0
"20260529","29/05/2026",149,22,5,2,2026,0,0,0
"20260530","30/05/2026",150,22,5,2,2026,1,0,0
"20260531","31/05/2026",151,22,5,2,2026,1,0,0
"20260601","01/06/2026",152,23,6,2,2026,0,0,0
"20260602","02/06/2026",153,23,6,2,2026,0,0,0
"20260603","03/06/2026",154,23,6,2,2026,0,0,0
"20260604","04/06/2026",155,23,6,2,2026,0,0,0
"20260605","05/06/2026",156,23,6,2,2026,0,0,0
"20260606","06/06/2026",157,23,6,2,2026,1,0,0
"20260607","07/06/2026",158,23,6,2,2026,1,0,0
"20260608","08/06/2026",159,24,6,2,2026,0,0,0
"20260609","09/06/2026",160,24,6,2,2026,0,0,0
"20260610","10/06/2026",161,24,6,2,2026,0,0,0
"20260611","11/06/2026",162,24,6,2,2026,0,0,0
"20260612","12/06/2026",163,24,6,2,2026,0,0,0
"20260613","13/06/2026",164,24,6,2,2026,1,0,0
"20260614","14/06/2026",165,24,6,2,2026,1,0,0
"20260615","15/06/2026",166,25,6,2,2026,0,0,0
"20260616","16/06/2026",167,25,6,2,2026,0,0,0
"20260617","17/06/2026",168,25,6,2,2026,0,0,0
"20260618","18/06/2026",169,25,6,2,2026,0,0,0
"20260619","19/06/2026",170,25,6,2,2026,0,0,0
"20260620","20/06/2026",171,25,6,2,2026,1,0,0
"20260621","21/06/2026",172,25,6,2,2026,1,0,0
"20260622","22/06/2026",173,26,6,2,2026,0,0,0
"20260623","23/06/2026",174,26,6,2,2026,0,0,0
"20260624","24/06/2026",175,26,6,2,2026,0,0,0
"20260625","25/06/2026",176,26,6,2,2026,0,0,0
"20260626","26/06/2026",177,26,6,2,2026,0,0,0
"20260627","27/06/2026",178,26,6,2,2026,1,0,0
"20260628","28/06/2026",179,26,6,2,2026,1,0,0
"20260629","29/06/2026",180,27,6,2,2026,0,0,0
"20260630","30/06/2026",181,27,6,2,2026,0,0,0
"20260701","01/07/2026",182,27,7,3,2026,0,0,0
"20260702","02/07/2026",183,27,7,3,2026,0,0,0
"20260703","03/07/2026",184,27,7,3,2026,0,0,0
"20260704","04/07/2026",185,27,7,3,2026,1,0,0
"20260705","05/07/2026",186,27,7,3,2026,1,0,0
"20260706","06/07/2026",187,28,7,3,2026,0,0,0
"20260707","07/07/2026",188,28,7,3,2026,0,0,0
"20260708","08/07/2026",189,28,7,3,2026,0,0,0
"20260709","09/07/2026",190,28,7,3,2026,0,0,0
"20260710","10/07/2026",191,28,7,3,2026,0,0,0
"20260711","11/07/2026",192,28,7,3,2026,1,0,0
"20260712","12/07/2026",193,28,7,3,2026,1,0,0
"20260713","13/07/2026",194,29,7,3,2026,0,0,0
"20260714","14/07/2026",195,29,7,3,2026,0,0,0
"20260715","15/07/2026",196,29,7,3,2026,0,0,0
"20260716","16/07/2026",197,29,7,3,2026,0,0,0
"20260717","17/07/2026",198,29,7,3,2026,0,0,0
"20260718","18/07/2026",199,29,7,3,2026,1,0,0
"20260719","19/07/2026",200,29,7,3,2026,1,0,0
"20260720","20/07/2026",201,30,7,3,2026,0,0,0
"20260721","21/07/2026",202,30,7,3,2026,0,0,0
"20260722","22/07/2026",203,30,7,3,2026,0,0,0
"20260723","23/07/2026",204,30,7,3,2026,0,0,0
"20260724","24/07/2026",205,30,7,3,2026,0,0,0
"20260725","25/07/2026",206,30,7,3,2026,1,0,0
"20260726","26/07/2026",207,30,7,3,2026,1,0,0
"20260727","27/07/2026",208,31,7,3,2026,0,0,0
"20260728","28/07/2026",209,31,7,3,2026,0,0,0
"20260729","29/07/2026",210,31,7,3,2026,0,0,0
"20260730","30/07/2026",211,31,7,3,2026,0,0,0
"20260731","31/07/2026",212,31,7,3,2026,0,0,0
"20260801","01/08/2026",213,31,8,3,2026,1,0,0
"20260802","02/08/2026",214,31,8,3,2026,1,0,0
"20260803","03/08/2026",215,32,8,3,2026,0,0,0
"20260804","04/08/2026",216,32,8,3,2026,0,0,0
"20260805","05/08/2026",217,32,8,3,2026,0,0,0
"20260806","06/08/2026",218,32,8,3,2026,0,0,0
"20260807","07/08/2026",219,32,8,3,2026,0,0,0
"20260808","08/08/2026",220,32,8,3,2026,1,0,0
"20260809","09/08/2026",221,32,8,3,2026,1,0,0
"20260810","10/08/2026",222,33,8,3,2026,0,0,0
"20260811","11/08/2026",223,33,8,3,2026,0,0,0
"20260812","12/08/2026",224,33,8,3,2026,0,0,0
"20260813","13/08/2026",225,33,8,3,2026,0,0,0
"20260814","14/08/2026",226,33,8,3,2026,0,0,0
"20260815","15/08/2026",227,33,8,3,2026,1,0,0
"20260816","16/08/2026",228,33,8,3,2026,1,0,0
"20260817","17/08/2026",229,34,8,3,2026,0,0,0
"20260818","18/08/2026",230,34,8,3,2026,0,0,0
"20260819","19/08/2026",231,34,8,3,2026,0,0,0
"20260820","20/08/2026",232,34,8,3,2026,0,0,0
"20260821","21/08/2026",233,34,8,3,2026,0,0,0
"20260822","22/08/2026",234,34,8,3,2026,1,0,0
"20260823","23/08/2026",235,34,8,3,2026,1,0,0
"20260824","24/08/2026",236,35,8,3,2026,0,0,0
"20260825","25/08/2026",237,35,8,3,2026,0,0,0
"20260826","26/08/2026",238,35,8,3,2026,0,0,0
"20260827","27/08/2026",239,35,8,3,2026,0,0,0
"20260828","28/08/2026",240,35,8,3,2026,0,0,0
"20260829","29/08/2026",241,35,8,3,2026,1,0,0
"20260830","30/08/2026",242,35,8,3,2026,1,0,0
"20260831","31/08/2026",243,36,8,3,2026,0,0,0
"20260901","01/09/2026",244,36,9,3,2026,0,0,0
"20260902","02/09/2026",245,36,9,3,2026,0,0,0
"20260903","03/09/2026",246,36,9,3,2026,0,0,0
"20260904","04/09/2026",247,36,9,3,2026,0,0,0
"20260905","05/09/2026",248,36,9,3,2026,1,0,0
"20260906","06/09/2026",249,36,9,3,2026,1,0,0
"20260907","07/09/2026",250,37,9,3,2026,0,0,0
"20260908","08/09/2026",251,37,9,3,2026,0,0,0
"20260909","09/09/2026",252,37,9,3,2026,0,0,0
"20260910","10/09/2026",253,37,9,3,2026,0,0,0
"20260911","11/09/2026",254,37,9,3,2026,0,0,0
"20260912","12/09/2026",255,37,9,3,2026,1,0,0
"20260913","13/09/2026",256,37,9,3,2026,1,0,0
"20260914","14/09/2026",257,38,9,3,2026,0,0,0
"20260915","15/09/2026",258,38,9,3,2026,0,0,0
"20260916","16/09/2026",259,38,9,3,2026,0,0,0
"20260917","17/09/2026",260,38,9,3,2026,0,0,0
"20260918","18/09/2026",261,38,9,3,2026,0,0,0
"20260919","19/09/2026",262,38,9,3,2026,1,0,0
"20260920","20/09/2026",263,38,9,3,2026,1,0,0
"20260921","21/09/2026",264,39,9,3,2026,0,0,0
"20260922","22/09/2026",265,39,9,3,2026,0,0,0
"20260923","23/09/2026",266,39,9,3,2026,0,0,0
"20260924","24/09/2026",267,39,9,3,2026,0,0,0
"20260925","25/09/2026",268,39,9,3,2026,0,0,0
"20260926","26/09/2026",269,39,9,3,2026,1,0,0
"20260927","27/09/2026",270,39,9,3,2026,1,0,0
"20260928","28/09/2026",271,40,9,3,2026,0,0,0
"20260929","29/09/2026",272,40,9,3,2026,0,0,0
"20260930","30/09/2026",273,40,9,3,2026,0,0,0
"20261001","01/10/2026",274,40,10,4,2026,0,0,0
"20261002","02/10/2026",275,40,10,4,2026,0,0,0
"20261003","03/10/2026",276,40,10,4,2026,1,0,0
"20261004","04/10/2026",277,40,10,4,2026,1,0,0
"20261005","05/10/2026",278,41,10,4,2026,0,0,0
"20261006","06/10/2026",279,41,10,4,2026,0,0,0
"20261007","07/10/2026",280,41,10,4,2026,0,0,0
"20261008","08/10/2026",281,41,10,4,2026,0,0,0
"20261009","09/10/2026",282,41,10,4,2026,0,0,0
"20261010","10/10/2026",283,41,10,4,2026,1,0,0
"20261011","11/10/2026",284,41,10,4,2026,1,0,0
"20261012","12/10/2026",285,42,10,4,2026,0,0,0
"20261013","13/10/2026",286,42,10,4,2026,0,0,0
"20261014","14/10/2026",287,42,10,4,2026,0,0,0
"20261015","15/10/2026",288,42,10,4,2026,0,0,0
"20261016","16/10/2026",289,42,10,4,2026,0,0,0
"20261017","17/10/2026",290,42,10,4,2026,1,0,0
"20261018","18/10/2026",291,42,10,4,2026,1,0,0
"20261019","19/10/2026",292,43,10,4,2026,0,0,0
"20261020","20/10/2026",293,43,10,4,2026,0,0,0
"20261021","21/10/2026",294,43,10,4,2026,0,0,0
"20261022","22/10/2026",295,43,10,4,2026,0,0,0
"20261023","23/10/2026",296,43,10,4,2026,0,0,0
"20261024","24/10/2026",297,43,10,4,2026,1,0,0
"20261025","25/10/2026",298,43,10,4,2026,1,0,0
"20261026","26/10/2026",299,44,10,4,2026,0,0,0
"20261027","27/10/2026",300,44,10,4,2026,0,0,0
"20261028","28/10/2026",301,44,10,4,2026,0,0,0
"20261029","29/10/2026",302,44,10,4,2026,0,0,0
"20261030","30/10/2026",303,44,10,4,2026,0,0,0
"20261031","31/10/2026",304,44,10,4,2026,1,0,0
"20261101","01/11/2026",305,44,11,4,2026,1,0,0
"20261102","02/11/2026",306,45,11,4,2026,0,0,0
"20261103","03/11/2026",307,45,11,4,2026,0,0,0
"20261104","04/11/2026",308,45,11,4,2026,0,0,0
"20261105","05/11/2026",309,45,11,4,2026,0,0,0
"20261106","06/11/2026",310,45,11,4,2026,0,0,0
"20261107","07/11/2026",311,45,11,4,2026,1,0,0
"20261108","08/11/2026",312,45,11,4,2026,1,0,0
"20261109","09/11/2026",313,46,11,4,2026,0,0,0
"20261110","10/11/2026",314,46,11,4,2026,0,0,0
"20261111","11/11/2026",315,46,11,4,2026,0,0,0
"20261112","12/11/2026",316,46,11,4,2026,0,0,0
"20261113","13/11/2026",317,46,11,4,2026,0,0,0
"20261114","14/11/2026",318,46,11,4,2026,1,0,0
"20261115","15/11/2026",319,46,11,4,2026,1,0,0
"20261116","16/11/2026",320,47,11,4,2026,0,0,0
"20261117","17/11/2026",321,47,11,4,2026,0,0,0
"20261118","18/11/2026",322,47,11,4,2026,0,0,0
"20261119","19/11/2026",323,47,11,4,2026,0,0,0
"20261120","20/11/2026",324,47,11,4,2026,0,0,0
"20261121","21/11/2026",325,47,11,4,2026,1,0,0
"20261122","22/11/2026",326,47,11,4,2026,1,0,0
"20261123","23/11/2026",327,48,11,4,2026,0,0,0
"20261124","24/11/2026",328,48,11,4,2026,0,0,0
"20261125","25/11/2026",329,48,11,4,2026,0,0,0
"20261126","26/11/2026",330,48,11,4,2026,0,0,0
"20261127","27/11/2026",331,48,11,4,2026,0,0,0
"20261128","28/11/2026",332,48,11,4,2026,1,0,0
"20261129","29/11/2026",333,48,11,4,2026,1,0,0
"20261130","30/11/2026",334,49,11,4,2026,0,0,0
"20261201","01/12/2026",335,49,12,4,2026,0,0,0
"20261202","02/12/2026",336,49,12,4,2026,0,0,0
"20261203","03/12/2026",337,49,12,4,2026,0,0,0
"20261204","04/12/2026",338,49,12,4,2026,0,0,0
"20261205","05/12/2026",339,49,12,4,2026,1,0,0
"20261206","06/12/2026",340,49,12,4,2026,1,0,0
"20261207","07/12/2026",341,50,12,4,2026,0,0,0
"20261208","08/12/2026",342,50,12,4,2026,0,0,0
"20261209","09/12/2026",343,50,12,4,2026,0,0,0
"20261210","10/12/2026",344,50,12,4,2026,0,0,0
"20261211","11/12/2026",345,50,12,4,2026,0,0,0
"20261212","12/12/2026",346,50,12,4,2026,1,0,0
"20261213","13/12/2026",347,50,12,4,2026,1,0,0
"20261214","14/12/2026",348,51,12,4,2026,0,0,0
"20261215","15/12/2026",349,51,12,4,2026,0,0,0
"20261216","16/12/2026",350,51,12,4,2026,0,0,0
"20261217","17/12/2026",351,51,12,4,2026,0,0,0
"20261218","18/12/2026",352,51,12,4,2026,0,0,0
"20261219","19/12/2026",353,51,12,4,2026,1,0,0
"20261220","20/12/2026",354,51,12,4,2026,1,0,0
"20261221","21/12/2026",355,52,12,4,2026,0,0,0
"20261222","22/12/2026",356,52,12,4,2026,0,0,0
"20261223","23/12/2026",357,52,12,4,2026,0,0,0
"20261224","24/12/2026",358,52,12,4,2026,0,0,0
"20261225","25/12/2026",359,52,12,4,2026,0,0,1
"20261226","26/12/2026",360,52,12,4,2026,1,0,0
"20261227","27/12/2026",361,52,12,4,2026,1,0,0
"20261228","28/12/2026",362,53,12,4,2026,0,0,0
"20261229","29/12/2026",363,53,12,4,2026,0,0,0
"20261230","30/12/2026",364,53,12,4,2026,0,0,0
"20261231","31/12/2026",365,53,12,4,2026,0,0,0
"20270101","01/01/2027",1,53,1,1,2027,0,0,1
"20270102","02/01/2027",2,53,1,1,2027,1,0,0
"20270103","03/01/2027",3,53,1,1,2027,1,0,0
"20270104","04/01/2027",4,1,1,1,2027,0,0,0
"20270105","05/01/2027",5,1,1,1,2027,0,0,0
"20270106","06/01/2027",6,1,1,1,2027,0,0,0
"20270107","07/01/2027",7,1,1,1,2027,0,0,0
"20270108","08/01/2027",8,1,1,1,2027,0,0,0
"20270109","09/01/2027",9,1,1,1,2027,1,0,0
"20270110","10/01/2027",10,1,1,1,2027,1,0,0
"20270111","11/01/2027",11,2,1,1,2027,0,0,0
"20270112","12/01/2027",12,2,1,1,2027,0,0,0
"20270113","13/01/2027",13,2,1,1,2027,0,0,0
"20270114","14/01/2027",14,2,1,1,2027,0,0,0
"20270115","15/01/2027",15,2,1,1,2027,0,0,0
"20270116","16/01/2027",16,2,1,1,2027,1,0,0
"20270117","17/01/2027",17,2,1,1,2027,1,0,0
"20270118","18/01/2027",18,3,1,1,2027,0,0,0
"20270119","19/01/2027",19,3,1,1,2027,0,0,0
"20270120","20/01/2027",20,3,1,1,2027,0,0,0
"20270121","21/01/2027",21,3,1,1,2027,0,0,0
"20270122","22/01/2027",22,3,1,1,2027,0,0,0
"20270123","23/01/2027",23,3,1,1,2027,1,0,0
"20270124","24/01/2027",24,3,1,1,2027,1,0,0
"20270125","25/01/2027",25,4,1,1,2027,0,0,0
"20270126","26/01/2027",26,4,1,1,2027,0,0,0
"20270127","27/01/2027",27,4,1,1,2027,0,0,0
"20270128","28/01/2027",28,4,1,1,2027,0,0,0
"20270129","29/01/2027",29,4,1,1,2027,0,0,0
"20270130","30/01/2027",30,4,1,1,2027,1,0,0
"20270131","31/01/2027",31,4,1,1,2027,1,0,0
"20270201","01/02/2027",32,5,2,1,2027,0,0,0
"20270202","02/02/2027",33,5,2,1,2027,0,0,0
"20270203","03/02/2027",34,5,2,1,2027,0,0,0
"20270204","04/02/2027",35,5,2,1,2027,0,0,0
"20270205","05/02/2027",36,5,2,1,2027,0,0,0
"20270206","06/02/2027",37,5,2,1,2027,1,0,0
"20270207","07/02/2027",38,5,2,1,2027,1,0,0
"20270208","08/02/2027",39,6,2,1,2027,0,0,0
"20270209","09/02/2027",40,6,2,1,2027,0,0,0
"20270210","10/02/2027",41,6,2,1,2027,0,0,0
"20270211","11/02/2027",42,6,2,1,2027,0,0,0
"20270212","12/02/2027",43,6,2,1,2027,0,0,0
"20270213","13/02/2027",44,6,2,1,2027,1,0,0
"20270214","14/02/2027",45,6,2,1,2027,1,0,0
"20270215","15/02/2027",46,7,2,1,2027,0,0,0
"20270216","16/02/2027",47,7,2,1,2027,0,0,0
"20270217","17/02/2027",48,7,2,1,2027,0,0,0
"20270218","18/02/2027",49,7,2,1,2027,0,0,0
"20270219","19/02/2027",50,7,2,1,2027,0,0,0
"20270220","20/02/2027",51,7,2,1,2027,1,0,0
"20270221","21/02/2027",52,7,2,1,2027,1,0,0
"20270222","22/02/2027",53,8,2,1,2027,0,0,0
"20270223","23/02/2027",54,8,2,1,2027,0,0,0
"20270224","24/02/2027",55,8,2,1,2027,0,0,0
"20270225","25/02/2027",56,8,2,1,2027,0,0,0
"20270226","26/02/2027",57,8,2,1,2027,0,0,0
"20270227","27/02/2027",58,8,2,1,2027,1,0,0
"20270228","28/02/2027",59,8,2,1,2027,1,0,0
"20270301","01/03/2027",60,9,3,1,2027,0,0,0
"20270302","02/03/2027",61,9,3,1,2027,0,0,0
"20270303","03/03/2027",62,9,3,1,2027,0,0,0
"20270304","04/03/2027",63,9,3,1,2027,0,0,0
"20270305","05/03/2027",64,9,3,1,2027,0,0,0
"20270306","06/03/2027",65,9,3,1,2027,1,0,0
"20270307","07/03/2027",66,9,3,1,2027,1,0,0
"20270308","08/03/2027",67,10,3,1,2027,0,0,0
"20270309","09/03/2027",68,10,3,1,2027,0,0,0
"20270310","10/03/2027",69,10,3,1,2027,0,0,0
"20270311","11/03/2027",70,10,3,1,2027,0,0,0
"20270312","12/03/2027",71,10,3,1,2027,0,0,0
"20270313","13/03/2027",72,10,3,1,2027,1,0,0
"20270314","14/03/2027",73,10,3,1,2027,1,0,0
"20270315","15/03/2027",74,11,3,1,2027,0,0,0
"20270316","16/03/2027",75,11,3,1,2027,0,0,0
"20270317","17/03/2027",76,11,3,1,2027,0,0,0
"20270318","18/03/2027",77,11,3,1,2027,0,0,0
"20270319","19/03/2027",78,11,3,1,2027,0,0,0
"20270320","20/03/2027",79,11,3,1,2027,1,0,0
"20270321","21/03/2027",80,11,3,1,2027,1,0,0
"20270322","22/03/2027",81,12,3,1,2027,0,0,0
"20270323","23/03/2027",82,12,3,1,2027,0,0,0
"20270324","24/03/2027",83,12,3,1,2027,0,0,0
"20270325","25/03/2027",84,12,3,1,2027,0,0,0
"20270326","26/03/2027",85,12,3,1,2027,0,0,0
"20270327","27/03/2027",86,12,3,1,2027,1,0,0
"20270328","28/03/2027",87,12,3,1,2027,1,0,0
"20270329","29/03/2027",88,13,3,1,2027,0,0,0
"20270330","30/03/2027",89,13,3,1,2027,0,0,0
"20270331","31/03/2027",90,13,3,1,2027,0,0,0
"20270401","01/04/2027",91,13,4,2,2027,0,0,0
"20270402","02/04/2027",92,13,4,2,2027,0,0,0
"20270403","03/04/2027",93,13,4,2,2027,1,0,0
"20270404","04/04/2027",94,13,4,2,2027,1,0,0
"20270405","05/04/2027",95,14,4,2,2027,0,0,0
"20270406","06/04/2027",96,14,4,2,2027,0,0,0
"20270407","07/04/2027",97,14,4,2,2027,0,0,0
"20270408","08/04/2027",98,14,4,2,2027,0,0,0
"20270409","09/04/2027",99,14,4,2,2027,0,0,0
"20270410","10/04/2027",100,14,4,2,2027,1,0,0
"20270411","11/04/2027",101,14,4,2,2027,1,0,0
"20270412","12/04/2027",102,15,4,2,2027,0,0,0
"20270413","13/04/2027",103,15,4,2,2027,0,0,0
"20270414","14/04/2027",104,15,4,2,2027,0,0,0
"20270415","15/04/2027",105,15,4,2,2027,0,0,0
"20270416","16/04/2027",106,15,4,2,2027,0,0,0
"20270417","17/04/2027",107,15,4,2,2027,1,0,0
"20270418","18/04/2027",108,15,4,2,2027,1,0,0
"20270419","19/04/2027",109,16,4,2,2027,0,0,0
"20270420","20/04/2027",110,16,4,2,2027,0,0,0
"20270421","21/04/2027",111,16,4,2,2027,0,0,0
"20270422","22/04/2027",112,16,4,2,2027,0,0,0
"20270423","23/04/2027",113,16,4,2,2027,0,0,0
"20270424","24/04/2027",114,16,4,2,2027,1,0,0
"20270425","25/04/2027",115,16,4,2,2027,1,0,0
"20270426","26/04/2027",116,17,4,2,2027,0,0,0
"20270427","27/04/2027",117,17,4,2,2027,0,0,0
"20270428","28/04/2027",118,17,4,2,2027,0,0,0
"20270429","29/04/2027",119,17,4,2,2027,0,0,0
"20270430","30/04/2027",120,17,4,2,2027,0,0,0
"20270501","01/05/2027",121,17,5,2,2027,1,0,0
"20270502","02/05/2027",122,17,5,2,2027,1,0,0
"20270503","03/05/2027",123,18,5,2,2027,0,0,0
"20270504","04/05/2027",124,18,5,2,2027,0,0,0
"20270505","05/05/2027",125,18,5,2,2027,0,0,0
"20270506","06/05/2027",126,18,5,2,2027,0,0,0
"20270507","07/05/2027",127,18,5,2,2027,0,0,0
"20270508","08/05/2027",128,18,5,2,2027,1,0,0
"20270509","09/05/2027",129,18,5,2,2027,1,0,0
"20270510","10/05/2027",130,19,5,2,2027,0,0,0
"20270511","11/05/2027",131,19,5,2,2027,0,0,0
"20270512","12/05/2027",132,19,5,2,2027,0,0,0
"20270513","13/05/2027",133,19,5,2,2027,0,0,0
"20270514","14/05/2027",134,19,5,2,2027,0,0,0
"20270515","15/05/2027",135,19,5,2,2027,1,0,0
"20270516","16/05/2027",136,19,5,2,2027,1,0,0
"20270517","17/05/2027",137,20,5,2,2027,0,0,0
"20270518","18/05/2027",138,20,5,2,2027,0,0,0
"20270519","19/05/2027",139,20,5,2,2027,0,0,0
"20270520","20/05/2027",140,20,5,2,2027,0,0,0
"20270521","21/05/2027",141,20,5,2,2027,0,0,0
"20270522","22/05/2027",142,20,5,2,2027,1,0,0
"20270523","23/05/2027",143,20,5,2,2027,1,0,0
"20270524","24/05/2027",144,21,5,2,2027,0,0,0
"20270525","25/05/2027",145,21,5,2,2027,0,0,0
"20270526","26/05/2027",146,21,5,2,2027,0,0,0
"20270527","27/05/2027",147,21,5,2,2027,0,0,0
"20270528","28/05/2027",148,21,5,2,2027,0,0,0
"20270529","29/05/2027",149,21,5,2,2027,1,0,0
"20270530","30/05/2027",150,21,5,2,2027,1,0,0
"20270531","31/05/2027",151,22,5,2,2027,0,0,0
"20270601","01/06/2027",152,22,6,2,2027,0,0,0
"20270602","02/06/2027",153,22,6,2,2027,0,0,0
"20270603","03/06/2027",154,22,6,2,2027,0,0,0
"20270604","04/06/2027",155,22,6,2,2027,0,0,0
"20270605","05/06/2027",156,22,6,2,2027,1,0,0
"20270606","06/06/2027",157,22,6,2,2027,1,0,0
"20270607","07/06/2027",158,23,6,2,2027,0,0,0
"20270608","08/06/2027",159,23,6,2,2027,0,0,0
"20270609","09/06/2027",160,23,6,2,2027,0,0,0
"20270610","10/06/2027",161,23,6,2,2027,0,0,0
"20270611","11/06/2027",162,23,6,2,2027,0,0,0
"20270612","12/06/2027",163,23,6,2,2027,1,0,0
"20270613","13/06/2027",164,23,6,2,2027,1,0,0
"20270614","14/06/2027",165,24,6,2,2027,0,0,0
"20270615","15/06/2027",166,24,6,2,2027,0,0,0
"20270616","16/06/2027",167,24,6,2,2027,0,0,0
"20270617","17/06/2027",168,24,6,2,2027,0,0,0
"20270618","18/06/2027",169,24,6,2,2027,0,0,0
"20270619","19/06/2027",170,24,6,2,2027,1,0,0
"20270620","20/06/2027",171,24,6,2,2027,1,0,0
"20270621","21/06/2027",172,25,6,2,2027,0,0,0
"20270622","22/06/2027",173,25,6,2,2027,0,0,0
"20270623","23/06/2027",174,25,6,2,2027,0,0,0
"20270624","24/06/2027",175,25,6,2,2027,0,0,0
"20270625","25/06/2027",176,25,6,2,2027,0,0,0
"20270626","26/06/2027",177,25,6,2,2027,1,0,0
"20270627","27/06/2027",178,25,6,2,2027,1,0,0
"20270628","28/06/2027",179,26,6,2,2027,0,0,0
"20270629","29/06/2027",180,26,6,2,2027,0,0,0
"20270630","30/06/2027",181,26,6,2,2027,0,0,0
"20270701","01/07/2027",182,26,7,3,2027,0,0,0
"20270702","02/07/2027",183,26,7,3,2027,0,0,0
"20270703","03/07/2027",184,26,7,3,2027,1,0,0
"20270704","04/07/2027",185,26,7,3,2027,1,0,0
"20270705","05/07/2027",186,27,7,3,2027,0,0,0
"20270706","06/07/2027",187,27,7,3,2027,0,0,0
"20270707","07/07/2027",188,27,7,3,2027,0,0,0
"20270708","08/07/2027",189,27,7,3,2027,0,0,0
"20270709","09/07/2027",190,27,7,3,2027,0,0,0
"20270710","10/07/2027",191,27,7,3,2027,1,0,0
"20270711","11/07/2027",192,27,7,3,2027,1,0,0
"20270712","12/07/2027",193,28,7,3,2027,0,0,0
"20270713","13/07/2027",194,28,7,3,2027,0,0,0
"20270714","14/07/2027",195,28,7,3,2027,0,0,0
"20270715","15/07/2027",196,28,7,3,2027,0,0,0
"20270716","16/07/2027",197,28,7,3,2027,0,0,0
"20270717","17/07/2027",198,28,7,3,2027,1,0,0
"20270718","18/07/2027",199,28,7,3,2027,1,0,0
"20270719","19/07/2027",200,29,7,3,2027,0,0,0
"20270720","20/07/2027",201,29,7,3,2027,0,0,0
"20270721","21/07/2027",202,29,7,3,2027,0,0,0
"20270722","22/07/2027",203,29,7,3,2027,0,0,0
"20270723","23/07/2027",204,29,7,3,2027,0,0,0
"20270724","24/07/2027",205,29,7,3,2027,1,0,0
"20270725","25/07/2027",206,29,7,3,2027,1,0,0
"20270726","26/07/2027",207,30,7,3,2027,0,0,0
"20270727","27/07/2027",208,30,7,3,2027,0,0,0
"20270728","28/07/2027",209,30,7,3,2027,0,0,0
"20270729","29/07/2027",210,30,7,3,2027,0,0,0
"20270730","30/07/2027",211,30,7,3,2027,0,0,0
"20270731","31/07/2027",212,30,7,3,2027,1,0,0
"20270801","01/08/2027",213,30,8,3,2027,1,0,0
"20270802","02/08/2027",214,31,8,3,2027,0,0,0
"20270803","03/08/2027",215,31,8,3,2027,0,0,0
"20270804","04/08/2027",216,31,8,3,2027,0,0,0
"20270805","05/08/2027",217,31,8,3,2027,0,0,0
"20270806","06/08/2027",218,31,8,3,2027,0,0,0
"20270807","07/08/2027",219,31,8,3,2027,1,0,0
"20270808","08/08/2027",220,31,8,3,2027,1,0,0
"20270809","09/08/2027",221,32,8,3,2027,0,0,0
"20270810","10/08/2027",222,32,8,3,2027,0,0,0
"20270811","11/08/2027",223,32,8,3,2027,0,0,0
"20270812","12/08/2027",224,32,8,3,2027,0,0,0
"20270813","13/08/2027",225,32,8,3,2027,0,0,0
"20270814","14/08/2027",226,32,8,3,2027,1,0,0
"20270815","15/08/2027",227,32,8,3,2027,1,0,0
"20270816","16/08/2027",228,33,8,3,2027,0,0,0
"20270817","17/08/2027",229,33,8,3,2027,0,0,0
"20270818","18/08/2027",230,33,8,3,2027,0,0,0
"20270819","19/08/2027",231,33,8,3,2027,0,0,0
"20270820","20/08/2027",232,33,8,3,2027,0,0,0
"20270821","21/08/2027",233,33,8,3,2027,1,0,0
"20270822","22/08/2027",234,33,8,3,2027,1,0,0
"20270823","23/08/2027",235,34,8,3,2027,0,0,0
"20270824","24/08/2027",236,34,8,3,2027,0,0,0
"20270825","25/08/2027",237,34,8,3,2027,0,0,0
"20270826","26/08/2027",238,34,8,3,2027,0,0,0
"20270827","27/08/2027",239,34,8,3,2027,0,0,0
"20270828","28/08/2027",240,34,8,3,2027,1,0,0
"20270829","29/08/2027",241,34,8,3,2027,1,0,0
"20270830","30/08/2027",242,35,8,3,2027,0,0,0
"20270831","31/08/2027",243,35,8,3,2027,0,0,0
"20270901","01/09/2027",244,35,9,3,2027,0,0,0
"20270902","02/09/2027",245,35,9,3,2027,0,0,0
"20270903","03/09/2027",246,35,9,3,2027,0,0,0
"20270904","04/09/2027",247,35,9,3,2027,1,0,0
"20270905","05/09/2027",248,35,9,3,2027,1,0,0
"20270906","06/09/2027",249,36,9,3,2027,0,0,0
"20270907","07/09/2027",250,36,9,3,2027,0,0,0
"20270908","08/09/2027",251,36,9,3,2027,0,0,0
"20270909","09/09/2027",252,36,9,3,2027,0,0,0
"20270910","10/09/2027",253,36,9,3,2027,0,0,0
"20270911","11/09/2027",254,36,9,3,2027,1,0,0
"20270912","12/09/2027",255,36,9,3,2027,1,0,0
"20270913","13/09/2027",256,37,9,3,2027,0,0,0
"20270914","14/09/2027",257,37,9,3,2027,0,0,0
"20270915","15/09/2027",258,37,9,3,2027,0,0,0
"20270916","16/09/2027",259,37,9,3,2027,0,0,0
"20270917","17/09/2027",260,37,9,3,2027,0,0,0
"20270918","18/09/2027",261,37,9,3,2027,1,0,0
"20270919","19/09/2027",262,37,9,3,2027,1,0,0
"20270920","20/09/2027",263,38,9,3,2027,0,0,0
"20270921","21/09/2027",264,38,9,3,2027,0,0,0
"20270922","22/09/2027",265,38,9,3,2027,0,0,0
"20270923","23/09/2027",266,38,9,3,2027,0,0,0
"20270924","24/09/2027",267,38,9,3,2027,0,0,0
"20270925","25/09/2027",268,38,9,3,2027,1,0,0
"20270926","26/09/2027",269,38,9,3,2027,1,0,0
"20270927","27/09/2027",270,39,9,3,2027,0,0,0
"20270928","28/09/2027",271,39,9,3,2027,0,0,0
"20270929","29/09/2027",272,39,9,3,2027,0,0,0
"20270930","30/09/2027",273,39,9,3,2027,0,0,0
"20271001","01/10/2027",274,39,10,4,2027,0,0,0
"20271002","02/10/2027",275,39,10,4,2027,1,0,0
"20271003","03/10/2027",276,39,10,4,2027,1,0,0
"20271004","04/10/2027",277,40,10,4,2027,0,0,0
"20271005","05/10/2027",278,40,10,4,2027,0,0,0
"20271006","06/10/2027",279,40,10,4,2027,0,0,0
"20271007","07/10/2027",280,40,10,4,2027,0,0,0
"20271008","08/10/2027",281,40,10,4,2027,0,0,0
"20271009","09/10/2027",282,40,10,4,2027,1,0,0
"20271010","10/10/2027",283,40,10,4,2027,1,0,0
"20271011","11/10/2027",284,41,10,4,2027,0,0,0
"20271012","12/10/2027",285,41,10,4,2027,0,0,0
"20271013","13/10/2027",286,41,10,4,2027,0,0,0
"20271014","14/10/2027",287,41,10,4,2027,0,0,0
"20271015","15/10/2027",288,41,10,4,2027,0,0,0
"20271016","16/10/2027",289,41,10,4,2027,1,0,0
"20271017","17/10/2027",290,41,10,4,2027,1,0,0
"20271018","18/10/2027",291,42,10,4,2027,0,0,0
"20271019","19/10/2027",292,42,10,4,2027,0,0,0
"20271020","20/10/2027",293,42,10,4,2027,0,0,0
"20271021","21/10/2027",294,42,10,4,2027,0,0,0
"20271022","22/10/2027",295,42,10,4,2027,0,0,0
"20271023","23/10/2027",296,42,10,4,2027,1,0,0
"20271024","24/10/2027",297,42,10,4,2027,1,0,0
"20271025","25/10/2027",298,43,10,4,2027,0,0,0
"20271026","26/10/2027",299,43,10,4,2027,0,0,0
"20271027","27/10/2027",300,43,10,4,2027,0,0,0
"20271028","28/10/2027",301,43,10,4,2027,0,0,0
"20271029","29/10/2027",302,43,10,4,2027,0,0,0
"20271030","30/10/2027",303,43,10,4,2027,1,0,0
"20271031","31/10/2027",304,43,10,4,2027,1,0,0
"20271101","01/11/2027",305,44,11,4,2027,0,0,0
"20271102","02/11/2027",306,44,11,4,2027,0,0,0
"20271103","03/11/2027",307,44,11,4,2027,0,0,0
"20271104","04/11/2027",308,44,11,4,2027,0,0,0
"20271105","05/11/2027",309,44,11,4,2027,0,0,0
"20271106","06/11/2027",310,44,11,4,2027,1,0,0
"20271107","07/11/2027",311,44,11,4,2027,1,0,0
"20271108","08/11/2027",312,45,11,4,2027,0,0,0
"20271109","09/11/2027",313,45,11,4,2027,0,0,0
"20271110","10/11/2027",314,45,11,4,2027,0,0,0
"20271111","11/11/2027",315,45,11,4,2027,0,0,0
"20271112","12/11/2027",316,45,11,4,2027,0,0,0
"20271113","13/11/2027",317,45,11,4,2027,1,0,0
"20271114","14/11/2027",318,45,11,4,2027,1,0,0
"20271115","15/11/2027",319,46,11,4,2027,0,0,0
"20271116","16/11/2027",320,46,11,4,2027,0,0,0
"20271117","17/11/2027",321,46,11,4,2027,0,0,0
"20271118","18/11/2027",322,46,11,4,2027,0,0,0
"20271119","19/11/2027",323,46,11,4,2027,0,0,0
"20271120","20/11/2027",324,46,11,4,2027,1,0,0
"20271121","21/11/2027",325,46,11,4,2027,1,0,0
"20271122","22/11/2027",326,47,11,4,2027,0,0,0
"20271123","23/11/2027",327,47,11,4,2027,0,0,0
"20271124","24/11/2027",328,47,11,4,2027,0,0,0
"20271125","25/11/2027",329,47,11,4,2027,0,0,0
"20271126","26/11/2027",330,47,11,4,2027,0,0,0
"20271127","27/11/2027",331,47,11,4,2027,1,0,0
"20271128","28/11/2027",332,47,11,4,2027,1,0,0
"20271129","29/11/2027",333,48,11,4,2027,0,0,0
"20271130","30/11/2027",334,48,11,4,2027,0,0,0
"20271201","01/12/2027",335,48,12,4,2027,0,0,0
"20271202","02/12/2027",336,48,12,4,2027,0,0,0
"20271203","03/12/2027",337,48,12,4,2027,0,0,0
"20271204","04/12/2027",338,48,12,4,2027,1,0,0
"20271205","05/12/2027",339,48,12,4,2027,1,0,0
"20271206","06/12/2027",340,49,12,4,2027,0,0,0
"20271207","07/12/2027",341,49,12,4,2027,0,0,0
"20271208","08/12/2027",342,49,12,4,2027,0,0,0
"20271209","09/12/2027",343,49,12,4,2027,0,0,0
"20271210","10/12/2027",344,49,12,4,2027,0,0,0
"20271211","11/12/2027",345,49,12,4,2027,1,0,0
"20271212","12/12/2027",346,49,12,4,2027,1,0,0
"20271213","13/12/2027",347,50,12,4,2027,0,0,0
"20271214","14/12/2027",348,50,12,4,2027,0,0,0
"20271215","15/12/2027",349,50,12,4,2027,0,0,0

1829 lignes selectionnees.

SQL> SPOOL LOCALISATION_DIMENSION.csv;
